Time (UTC),Kind,Message,Detail
"2026-05-26T00:33:11.176Z","queue.schedule_decision","Session a9a609e6-0e7c-41e7-a1b0-857ae61105d7 moved from scheduled back to pending schedule state.","{""id"":""a9a609e6-0e7c-41e7-a1b0-857ae61105d7"",""target"":""M101 Project"",""previousStatus"":""scheduled"",""nextStatus"":""unscheduled"",""previousPlannedStartIso"":""2026-05-26T01:23:27.830Z"",""reason"":""Global weather trigger: no 2-hour consecutive run with cloud cover < 10%."",""reasons"":[""Global weather trigger: no 2-hour consecutive run with cloud cover < 10%.""]}"
"2026-05-26T00:27:07.916Z","project.sub_session_unscheduled","Project sub-session unscheduled: M101 Project Session 1 (a9a609e6-0e7c-41e7-a1b0-857ae61105d7::night-1).","{""projectId"":""a9a609e6-0e7c-41e7-a1b0-857ae61105d7"",""nightSubId"":""a9a609e6-0e7c-41e7-a1b0-857ae61105d7::night-1"",""nightIndex"":1,""nightKey"":""2026-05-25"",""target"":""M101 Project"",""previousPlannedStartIso"":""2026-05-26T01:23:27.830Z"",""reason"":""Global weather trigger: no 2-hour consecutive run with cloud cover < 10%.""}"
"2026-05-26T00:27:07.840Z","project.sub_session_scheduled","Project sub-session scheduled: M101 Project Session 1 (a9a609e6-0e7c-41e7-a1b0-857ae61105d7::night-1).","{""projectId"":""a9a609e6-0e7c-41e7-a1b0-857ae61105d7"",""nightSubId"":""a9a609e6-0e7c-41e7-a1b0-857ae61105d7::night-1"",""nightIndex"":1,""nightKey"":""2026-05-25"",""target"":""M101 Project"",""plannedStartIso"":""2026-05-26T01:23:27.830Z"",""plannedEndIso"":""2026-05-26T02:08:27.830Z"",""filterPlansTonight"":[{""filterName"":""H"",""exposureSeconds"":600,""count"":2}],""reasons"":[""Weather-permitted segments overlapping this run: May 25, 9:23 PM – May 25, 10:00 PM ET."",""Frames in this session: H 2×600s (2 exposure(s) total)."",""Start at May 25, 9:23 PM ET: target at 72.7° (≥30° required)."",""Fewer frames than the free window could fit: placement requires ≥80% weather-permitted and 100% target-altitude (≥30°) coverage for the full run (may span multiple clear spells)."",""End at May 25, 10:08 PM ET: 0.33 h exposure + 25 min session overhead (0.75 h block)."",""Coverage checks: weather-permitted 81% (≥80% required), target ≥30° 100% (100% required).""]}"
"2026-05-26T00:21:04.340Z","queue.schedule_decision","Session a9a609e6-0e7c-41e7-a1b0-857ae61105d7 moved from scheduled back to pending schedule state.","{""id"":""a9a609e6-0e7c-41e7-a1b0-857ae61105d7"",""target"":""M101 Project"",""previousStatus"":""scheduled"",""nextStatus"":""unscheduled"",""previousPlannedStartIso"":""2026-05-26T01:23:27.830Z"",""reason"":""Global weather trigger: no 2-hour consecutive run with cloud cover < 10%."",""reasons"":[""Global weather trigger: no 2-hour consecutive run with cloud cover < 10%.""]}"
"2026-05-26T00:21:04.266Z","project.sub_session_unscheduled","Project sub-session unscheduled: M101 Project Session 1 (a9a609e6-0e7c-41e7-a1b0-857ae61105d7::night-1).","{""projectId"":""a9a609e6-0e7c-41e7-a1b0-857ae61105d7"",""nightSubId"":""a9a609e6-0e7c-41e7-a1b0-857ae61105d7::night-1"",""nightIndex"":1,""nightKey"":""2026-05-25"",""target"":""M101 Project"",""previousPlannedStartIso"":""2026-05-26T01:23:27.830Z"",""reason"":""Global weather trigger: no 2-hour consecutive run with cloud cover < 10%.""}"
"2026-05-26T00:21:04.209Z","project.sub_session_scheduled","Project sub-session scheduled: M101 Project Session 1 (a9a609e6-0e7c-41e7-a1b0-857ae61105d7::night-1).","{""projectId"":""a9a609e6-0e7c-41e7-a1b0-857ae61105d7"",""nightSubId"":""a9a609e6-0e7c-41e7-a1b0-857ae61105d7::night-1"",""nightIndex"":1,""nightKey"":""2026-05-25"",""target"":""M101 Project"",""plannedStartIso"":""2026-05-26T01:23:27.830Z"",""plannedEndIso"":""2026-05-26T02:08:27.830Z"",""filterPlansTonight"":[{""filterName"":""H"",""exposureSeconds"":600,""count"":2}],""reasons"":[""Weather-permitted segments overlapping this run: May 25, 9:23 PM – May 25, 10:00 PM ET."",""Frames in this session: H 2×600s (2 exposure(s) total)."",""Start at May 25, 9:23 PM ET: target at 72.7° (≥30° required)."",""Fewer frames than the free window could fit: placement requires ≥80% weather-permitted and 100% target-altitude (≥30°) coverage for the full run (may span multiple clear spells)."",""End at May 25, 10:08 PM ET: 0.33 h exposure + 25 min session overhead (0.75 h block)."",""Coverage checks: weather-permitted 81% (≥80% required), target ≥30° 100% (100% required).""]}"
"2026-05-26T00:20:57.614Z","project.sub_session_unscheduled","Project sub-session unscheduled: M101 Project Session 1 (a9a609e6-0e7c-41e7-a1b0-857ae61105d7::night-1).","{""projectId"":""a9a609e6-0e7c-41e7-a1b0-857ae61105d7"",""nightSubId"":""a9a609e6-0e7c-41e7-a1b0-857ae61105d7::night-1"",""nightIndex"":1,""nightKey"":""2026-05-25"",""target"":""M101 Project"",""previousPlannedStartIso"":""2026-05-26T01:23:27.830Z"",""reason"":""Global weather trigger: no 2-hour consecutive run with cloud cover < 10%.""}"
"2026-05-26T00:20:57.548Z","project.sub_session_scheduled","Project sub-session scheduled: M101 Project Session 1 (a9a609e6-0e7c-41e7-a1b0-857ae61105d7::night-1).","{""projectId"":""a9a609e6-0e7c-41e7-a1b0-857ae61105d7"",""nightSubId"":""a9a609e6-0e7c-41e7-a1b0-857ae61105d7::night-1"",""nightIndex"":1,""nightKey"":""2026-05-25"",""target"":""M101 Project"",""plannedStartIso"":""2026-05-26T01:23:27.830Z"",""plannedEndIso"":""2026-05-26T02:08:27.830Z"",""filterPlansTonight"":[{""filterName"":""H"",""exposureSeconds"":600,""count"":2}],""reasons"":[""Weather-permitted segments overlapping this run: May 25, 9:23 PM – May 25, 10:00 PM ET."",""Frames in this session: H 2×600s (2 exposure(s) total)."",""Start at May 25, 9:23 PM ET: target at 72.7° (≥30° required)."",""Fewer frames than the free window could fit: placement requires ≥80% weather-permitted and 100% target-altitude (≥30°) coverage for the full run (may span multiple clear spells)."",""End at May 25, 10:08 PM ET: 0.33 h exposure + 25 min session overhead (0.75 h block)."",""Coverage checks: weather-permitted 81% (≥80% required), target ≥30° 100% (100% required).""]}"
"2026-05-26T00:20:21.161Z","queue.schedule_decision","Session a9a609e6-0e7c-41e7-a1b0-857ae61105d7 moved from scheduled back to pending schedule state.","{""id"":""a9a609e6-0e7c-41e7-a1b0-857ae61105d7"",""target"":""M101 Project"",""previousStatus"":""scheduled"",""nextStatus"":""unscheduled"",""previousPlannedStartIso"":""2026-05-26T01:23:27.830Z"",""reason"":""Global weather trigger: no 2-hour consecutive run with cloud cover < 10%."",""reasons"":[""Global weather trigger: no 2-hour consecutive run with cloud cover < 10%.""]}"
"2026-05-26T00:20:21.090Z","project.sub_session_unscheduled","Project sub-session unscheduled: M101 Project Session 1 (a9a609e6-0e7c-41e7-a1b0-857ae61105d7::night-1).","{""projectId"":""a9a609e6-0e7c-41e7-a1b0-857ae61105d7"",""nightSubId"":""a9a609e6-0e7c-41e7-a1b0-857ae61105d7::night-1"",""nightIndex"":1,""nightKey"":""2026-05-25"",""target"":""M101 Project"",""previousPlannedStartIso"":""2026-05-26T01:23:27.830Z"",""reason"":""Global weather trigger: no 2-hour consecutive run with cloud cover < 10%.""}"
"2026-05-26T00:20:21.032Z","project.sub_session_scheduled","Project sub-session scheduled: M101 Project Session 1 (a9a609e6-0e7c-41e7-a1b0-857ae61105d7::night-1).","{""projectId"":""a9a609e6-0e7c-41e7-a1b0-857ae61105d7"",""nightSubId"":""a9a609e6-0e7c-41e7-a1b0-857ae61105d7::night-1"",""nightIndex"":1,""nightKey"":""2026-05-25"",""target"":""M101 Project"",""plannedStartIso"":""2026-05-26T01:23:27.830Z"",""plannedEndIso"":""2026-05-26T02:08:27.830Z"",""filterPlansTonight"":[{""filterName"":""H"",""exposureSeconds"":600,""count"":2}],""reasons"":[""Weather-permitted segments overlapping this run: May 25, 9:23 PM – May 25, 10:00 PM ET."",""Frames in this session: H 2×600s (2 exposure(s) total)."",""Start at May 25, 9:23 PM ET: target at 72.7° (≥30° required)."",""Fewer frames than the free window could fit: placement requires ≥80% weather-permitted and 100% target-altitude (≥30°) coverage for the full run (may span multiple clear spells)."",""End at May 25, 10:08 PM ET: 0.33 h exposure + 25 min session overhead (0.75 h block)."",""Coverage checks: weather-permitted 81% (≥80% required), target ≥30° 100% (100% required).""]}"
"2026-05-26T00:18:40.571Z","project.sub_session_unscheduled","Project sub-session unscheduled: M101 Project Session 1 (a9a609e6-0e7c-41e7-a1b0-857ae61105d7::night-1).","{""projectId"":""a9a609e6-0e7c-41e7-a1b0-857ae61105d7"",""nightSubId"":""a9a609e6-0e7c-41e7-a1b0-857ae61105d7::night-1"",""nightIndex"":1,""nightKey"":""2026-05-25"",""target"":""M101 Project"",""previousPlannedStartIso"":""2026-05-26T01:23:27.830Z"",""reason"":""Global weather trigger: no 2-hour consecutive run with cloud cover < 10%.""}"
"2026-05-26T00:18:40.473Z","project.sub_session_scheduled","Project sub-session scheduled: M101 Project Session 1 (a9a609e6-0e7c-41e7-a1b0-857ae61105d7::night-1).","{""projectId"":""a9a609e6-0e7c-41e7-a1b0-857ae61105d7"",""nightSubId"":""a9a609e6-0e7c-41e7-a1b0-857ae61105d7::night-1"",""nightIndex"":1,""nightKey"":""2026-05-25"",""target"":""M101 Project"",""plannedStartIso"":""2026-05-26T01:23:27.830Z"",""plannedEndIso"":""2026-05-26T02:08:27.830Z"",""filterPlansTonight"":[{""filterName"":""H"",""exposureSeconds"":600,""count"":2}],""reasons"":[""Weather-permitted segments overlapping this run: May 25, 9:23 PM – May 25, 10:00 PM ET."",""Frames in this session: H 2×600s (2 exposure(s) total)."",""Start at May 25, 9:23 PM ET: target at 72.7° (≥30° required)."",""Fewer frames than the free window could fit: placement requires ≥80% weather-permitted and 100% target-altitude (≥30°) coverage for the full run (may span multiple clear spells)."",""End at May 25, 10:08 PM ET: 0.33 h exposure + 25 min session overhead (0.75 h block)."",""Coverage checks: weather-permitted 81% (≥80% required), target ≥30° 100% (100% required).""]}"
"2026-05-26T00:18:29.399Z","queue.schedule_decision","Session a9a609e6-0e7c-41e7-a1b0-857ae61105d7 moved from scheduled back to pending schedule state.","{""id"":""a9a609e6-0e7c-41e7-a1b0-857ae61105d7"",""target"":""M101 Project"",""previousStatus"":""scheduled"",""nextStatus"":""unscheduled"",""previousPlannedStartIso"":""2026-05-26T01:23:27.830Z"",""reason"":""Global weather trigger: no 2-hour consecutive run with cloud cover < 10%."",""reasons"":[""Global weather trigger: no 2-hour consecutive run with cloud cover < 10%.""]}"
"2026-05-26T00:18:29.282Z","project.sub_session_scheduled","Project sub-session scheduled: M101 Project Session 1 (a9a609e6-0e7c-41e7-a1b0-857ae61105d7::night-1).","{""projectId"":""a9a609e6-0e7c-41e7-a1b0-857ae61105d7"",""nightSubId"":""a9a609e6-0e7c-41e7-a1b0-857ae61105d7::night-1"",""nightIndex"":1,""nightKey"":""2026-05-25"",""target"":""M101 Project"",""plannedStartIso"":""2026-05-26T01:23:27.830Z"",""plannedEndIso"":""2026-05-26T02:08:27.830Z"",""filterPlansTonight"":[{""filterName"":""H"",""exposureSeconds"":600,""count"":2}],""reasons"":[""Weather-permitted segments overlapping this run: May 25, 9:23 PM – May 25, 10:00 PM ET."",""Frames in this session: H 2×600s (2 exposure(s) total)."",""Start at May 25, 9:23 PM ET: target at 72.7° (≥30° required)."",""Fewer frames than the free window could fit: placement requires ≥80% weather-permitted and 100% target-altitude (≥30°) coverage for the full run (may span multiple clear spells)."",""End at May 25, 10:08 PM ET: 0.33 h exposure + 25 min session overhead (0.75 h block)."",""Coverage checks: weather-permitted 81% (≥80% required), target ≥30° 100% (100% required).""]}"
"2026-05-26T00:18:28.285Z","project.sub_session_unscheduled","Project sub-session unscheduled: M101 Project Session 1 (a9a609e6-0e7c-41e7-a1b0-857ae61105d7::night-1).","{""projectId"":""a9a609e6-0e7c-41e7-a1b0-857ae61105d7"",""nightSubId"":""a9a609e6-0e7c-41e7-a1b0-857ae61105d7::night-1"",""nightIndex"":1,""nightKey"":""2026-05-25"",""target"":""M101 Project"",""previousPlannedStartIso"":""2026-05-26T01:23:27.830Z"",""reason"":""Global weather trigger: no 2-hour consecutive run with cloud cover < 10%.""}"
"2026-05-26T00:18:28.199Z","project.sub_session_scheduled","Project sub-session scheduled: M101 Project Session 1 (a9a609e6-0e7c-41e7-a1b0-857ae61105d7::night-1).","{""projectId"":""a9a609e6-0e7c-41e7-a1b0-857ae61105d7"",""nightSubId"":""a9a609e6-0e7c-41e7-a1b0-857ae61105d7::night-1"",""nightIndex"":1,""nightKey"":""2026-05-25"",""target"":""M101 Project"",""plannedStartIso"":""2026-05-26T01:23:27.830Z"",""plannedEndIso"":""2026-05-26T02:08:27.830Z"",""filterPlansTonight"":[{""filterName"":""H"",""exposureSeconds"":600,""count"":2}],""reasons"":[""Weather-permitted segments overlapping this run: May 25, 9:23 PM – May 25, 10:00 PM ET."",""Frames in this session: H 2×600s (2 exposure(s) total)."",""Start at May 25, 9:23 PM ET: target at 72.7° (≥30° required)."",""Fewer frames than the free window could fit: placement requires ≥80% weather-permitted and 100% target-altitude (≥30°) coverage for the full run (may span multiple clear spells)."",""End at May 25, 10:08 PM ET: 0.33 h exposure + 25 min session overhead (0.75 h block)."",""Coverage checks: weather-permitted 81% (≥80% required), target ≥30° 100% (100% required).""]}"
"2026-05-26T00:18:17.305Z","queue.schedule_decision","Session a9a609e6-0e7c-41e7-a1b0-857ae61105d7 moved from scheduled back to pending schedule state.","{""id"":""a9a609e6-0e7c-41e7-a1b0-857ae61105d7"",""target"":""M101 Project"",""previousStatus"":""scheduled"",""nextStatus"":""unscheduled"",""previousPlannedStartIso"":""2026-05-26T01:23:27.830Z"",""reason"":""Global weather trigger: no 2-hour consecutive run with cloud cover < 10%."",""reasons"":[""Global weather trigger: no 2-hour consecutive run with cloud cover < 10%.""]}"
"2026-05-26T00:18:17.249Z","project.sub_session_unscheduled","Project sub-session unscheduled: M101 Project Session 1 (a9a609e6-0e7c-41e7-a1b0-857ae61105d7::night-1).","{""projectId"":""a9a609e6-0e7c-41e7-a1b0-857ae61105d7"",""nightSubId"":""a9a609e6-0e7c-41e7-a1b0-857ae61105d7::night-1"",""nightIndex"":1,""nightKey"":""2026-05-25"",""target"":""M101 Project"",""previousPlannedStartIso"":""2026-05-26T01:23:27.830Z"",""reason"":""Global weather trigger: no 2-hour consecutive run with cloud cover < 10%.""}"
"2026-05-26T00:18:17.178Z","project.sub_session_scheduled","Project sub-session scheduled: M101 Project Session 1 (a9a609e6-0e7c-41e7-a1b0-857ae61105d7::night-1).","{""projectId"":""a9a609e6-0e7c-41e7-a1b0-857ae61105d7"",""nightSubId"":""a9a609e6-0e7c-41e7-a1b0-857ae61105d7::night-1"",""nightIndex"":1,""nightKey"":""2026-05-25"",""target"":""M101 Project"",""plannedStartIso"":""2026-05-26T01:23:27.830Z"",""plannedEndIso"":""2026-05-26T02:08:27.830Z"",""filterPlansTonight"":[{""filterName"":""H"",""exposureSeconds"":600,""count"":2}],""reasons"":[""Weather-permitted segments overlapping this run: May 25, 9:23 PM – May 25, 10:00 PM ET."",""Frames in this session: H 2×600s (2 exposure(s) total)."",""Start at May 25, 9:23 PM ET: target at 72.7° (≥30° required)."",""Fewer frames than the free window could fit: placement requires ≥80% weather-permitted and 100% target-altitude (≥30°) coverage for the full run (may span multiple clear spells)."",""End at May 25, 10:08 PM ET: 0.33 h exposure + 25 min session overhead (0.75 h block)."",""Coverage checks: weather-permitted 81% (≥80% required), target ≥30° 100% (100% required).""]}"
"2026-05-26T00:18:01.266Z","project.sub_session_unscheduled","Project sub-session unscheduled: M101 Project Session 1 (a9a609e6-0e7c-41e7-a1b0-857ae61105d7::night-1).","{""projectId"":""a9a609e6-0e7c-41e7-a1b0-857ae61105d7"",""nightSubId"":""a9a609e6-0e7c-41e7-a1b0-857ae61105d7::night-1"",""nightIndex"":1,""nightKey"":""2026-05-25"",""target"":""M101 Project"",""previousPlannedStartIso"":""2026-05-26T01:23:27.830Z"",""reason"":""Global weather trigger: no 2-hour consecutive run with cloud cover < 10%.""}"
"2026-05-26T00:17:51.157Z","queue.schedule_decision","Session a9a609e6-0e7c-41e7-a1b0-857ae61105d7 moved from scheduled back to pending schedule state.","{""id"":""a9a609e6-0e7c-41e7-a1b0-857ae61105d7"",""target"":""M101 Project"",""previousStatus"":""scheduled"",""nextStatus"":""unscheduled"",""previousPlannedStartIso"":""2026-05-26T01:23:27.830Z"",""reason"":""Global weather trigger: no 2-hour consecutive run with cloud cover < 10%."",""reasons"":[""Global weather trigger: no 2-hour consecutive run with cloud cover < 10%.""]}"
"2026-05-26T00:17:51.078Z","project.sub_session_unscheduled","Project sub-session unscheduled: M101 Project Session 1 (a9a609e6-0e7c-41e7-a1b0-857ae61105d7::night-1).","{""projectId"":""a9a609e6-0e7c-41e7-a1b0-857ae61105d7"",""nightSubId"":""a9a609e6-0e7c-41e7-a1b0-857ae61105d7::night-1"",""nightIndex"":1,""nightKey"":""2026-05-25"",""target"":""M101 Project"",""previousPlannedStartIso"":""2026-05-26T01:23:27.830Z"",""reason"":""Global weather trigger: no 2-hour consecutive run with cloud cover < 10%.""}"
"2026-05-26T00:17:50.987Z","project.sub_session_scheduled","Project sub-session scheduled: M101 Project Session 1 (a9a609e6-0e7c-41e7-a1b0-857ae61105d7::night-1).","{""projectId"":""a9a609e6-0e7c-41e7-a1b0-857ae61105d7"",""nightSubId"":""a9a609e6-0e7c-41e7-a1b0-857ae61105d7::night-1"",""nightIndex"":1,""nightKey"":""2026-05-25"",""target"":""M101 Project"",""plannedStartIso"":""2026-05-26T01:23:27.830Z"",""plannedEndIso"":""2026-05-26T02:08:27.830Z"",""filterPlansTonight"":[{""filterName"":""H"",""exposureSeconds"":600,""count"":2}],""reasons"":[""Weather-permitted segments overlapping this run: May 25, 9:23 PM – May 25, 10:00 PM ET."",""Frames in this session: H 2×600s (2 exposure(s) total)."",""Start at May 25, 9:23 PM ET: target at 72.7° (≥30° required)."",""Fewer frames than the free window could fit: placement requires ≥80% weather-permitted and 100% target-altitude (≥30°) coverage for the full run (may span multiple clear spells)."",""End at May 25, 10:08 PM ET: 0.33 h exposure + 25 min session overhead (0.75 h block)."",""Coverage checks: weather-permitted 81% (≥80% required), target ≥30° 100% (100% required).""]}"
"2026-05-26T00:15:53.816Z","project.sub_session_unscheduled","Project sub-session unscheduled: M101 Project Session 1 (a9a609e6-0e7c-41e7-a1b0-857ae61105d7::night-1).","{""projectId"":""a9a609e6-0e7c-41e7-a1b0-857ae61105d7"",""nightSubId"":""a9a609e6-0e7c-41e7-a1b0-857ae61105d7::night-1"",""nightIndex"":1,""nightKey"":""2026-05-25"",""target"":""M101 Project"",""previousPlannedStartIso"":""2026-05-26T01:23:27.830Z"",""reason"":""Global weather trigger: no 2-hour consecutive run with cloud cover < 10%.""}"
"2026-05-26T00:15:50.734Z","queue.schedule_decision","Session a9a609e6-0e7c-41e7-a1b0-857ae61105d7 moved from scheduled back to pending schedule state.","{""id"":""a9a609e6-0e7c-41e7-a1b0-857ae61105d7"",""target"":""M101 Project"",""previousStatus"":""scheduled"",""nextStatus"":""unscheduled"",""previousPlannedStartIso"":""2026-05-26T01:23:27.830Z"",""reason"":""Global weather trigger: no 2-hour consecutive run with cloud cover < 10%."",""reasons"":[""Global weather trigger: no 2-hour consecutive run with cloud cover < 10%.""]}"
"2026-05-26T00:15:50.648Z","project.sub_session_unscheduled","Project sub-session unscheduled: M101 Project Session 1 (a9a609e6-0e7c-41e7-a1b0-857ae61105d7::night-1).","{""projectId"":""a9a609e6-0e7c-41e7-a1b0-857ae61105d7"",""nightSubId"":""a9a609e6-0e7c-41e7-a1b0-857ae61105d7::night-1"",""nightIndex"":1,""nightKey"":""2026-05-25"",""target"":""M101 Project"",""previousPlannedStartIso"":""2026-05-26T01:23:27.830Z"",""reason"":""Global weather trigger: no 2-hour consecutive run with cloud cover < 10%.""}"
"2026-05-26T00:15:50.592Z","project.sub_session_scheduled","Project sub-session scheduled: M101 Project Session 1 (a9a609e6-0e7c-41e7-a1b0-857ae61105d7::night-1).","{""projectId"":""a9a609e6-0e7c-41e7-a1b0-857ae61105d7"",""nightSubId"":""a9a609e6-0e7c-41e7-a1b0-857ae61105d7::night-1"",""nightIndex"":1,""nightKey"":""2026-05-25"",""target"":""M101 Project"",""plannedStartIso"":""2026-05-26T01:23:27.830Z"",""plannedEndIso"":""2026-05-26T02:08:27.830Z"",""filterPlansTonight"":[{""filterName"":""H"",""exposureSeconds"":600,""count"":2}],""reasons"":[""Weather-permitted segments overlapping this run: May 25, 9:23 PM – May 25, 10:00 PM ET."",""Frames in this session: H 2×600s (2 exposure(s) total)."",""Start at May 25, 9:23 PM ET: target at 72.7° (≥30° required)."",""Fewer frames than the free window could fit: placement requires ≥80% weather-permitted and 100% target-altitude (≥30°) coverage for the full run (may span multiple clear spells)."",""End at May 25, 10:08 PM ET: 0.33 h exposure + 25 min session overhead (0.75 h block)."",""Coverage checks: weather-permitted 81% (≥80% required), target ≥30° 100% (100% required).""]}"
"2026-05-26T00:15:00.988Z","project.sub_session_unscheduled","Project sub-session unscheduled: M101 Project Session 1 (a9a609e6-0e7c-41e7-a1b0-857ae61105d7::night-1).","{""projectId"":""a9a609e6-0e7c-41e7-a1b0-857ae61105d7"",""nightSubId"":""a9a609e6-0e7c-41e7-a1b0-857ae61105d7::night-1"",""nightIndex"":1,""nightKey"":""2026-05-25"",""target"":""M101 Project"",""previousPlannedStartIso"":""2026-05-26T01:23:27.830Z"",""reason"":""Global weather trigger: no 2-hour consecutive run with cloud cover < 10%.""}"
"2026-05-26T00:15:00.913Z","project.sub_session_scheduled","Project sub-session scheduled: M101 Project Session 1 (a9a609e6-0e7c-41e7-a1b0-857ae61105d7::night-1).","{""projectId"":""a9a609e6-0e7c-41e7-a1b0-857ae61105d7"",""nightSubId"":""a9a609e6-0e7c-41e7-a1b0-857ae61105d7::night-1"",""nightIndex"":1,""nightKey"":""2026-05-25"",""target"":""M101 Project"",""plannedStartIso"":""2026-05-26T01:23:27.830Z"",""plannedEndIso"":""2026-05-26T02:08:27.830Z"",""filterPlansTonight"":[{""filterName"":""H"",""exposureSeconds"":600,""count"":2}],""reasons"":[""Weather-permitted segments overlapping this run: May 25, 9:23 PM – May 25, 10:00 PM ET."",""Frames in this session: H 2×600s (2 exposure(s) total)."",""Start at May 25, 9:23 PM ET: target at 72.7° (≥30° required)."",""Fewer frames than the free window could fit: placement requires ≥80% weather-permitted and 100% target-altitude (≥30°) coverage for the full run (may span multiple clear spells)."",""End at May 25, 10:08 PM ET: 0.33 h exposure + 25 min session overhead (0.75 h block)."",""Coverage checks: weather-permitted 81% (≥80% required), target ≥30° 100% (100% required).""]}"
"2026-05-26T00:14:02.337Z","queue.schedule_decision","Session a9a609e6-0e7c-41e7-a1b0-857ae61105d7 moved from scheduled back to pending schedule state.","{""id"":""a9a609e6-0e7c-41e7-a1b0-857ae61105d7"",""target"":""M101 Project"",""previousStatus"":""scheduled"",""nextStatus"":""unscheduled"",""previousPlannedStartIso"":""2026-05-26T01:23:27.830Z"",""reason"":""Global weather trigger: no 2-hour consecutive run with cloud cover < 10%."",""reasons"":[""Global weather trigger: no 2-hour consecutive run with cloud cover < 10%.""]}"
"2026-05-26T00:14:02.273Z","project.sub_session_unscheduled","Project sub-session unscheduled: M101 Project Session 1 (a9a609e6-0e7c-41e7-a1b0-857ae61105d7::night-1).","{""projectId"":""a9a609e6-0e7c-41e7-a1b0-857ae61105d7"",""nightSubId"":""a9a609e6-0e7c-41e7-a1b0-857ae61105d7::night-1"",""nightIndex"":1,""nightKey"":""2026-05-25"",""target"":""M101 Project"",""previousPlannedStartIso"":""2026-05-26T01:23:27.830Z"",""reason"":""Global weather trigger: no 2-hour consecutive run with cloud cover < 10%.""}"
"2026-05-26T00:14:02.224Z","project.sub_session_scheduled","Project sub-session scheduled: M101 Project Session 1 (a9a609e6-0e7c-41e7-a1b0-857ae61105d7::night-1).","{""projectId"":""a9a609e6-0e7c-41e7-a1b0-857ae61105d7"",""nightSubId"":""a9a609e6-0e7c-41e7-a1b0-857ae61105d7::night-1"",""nightIndex"":1,""nightKey"":""2026-05-25"",""target"":""M101 Project"",""plannedStartIso"":""2026-05-26T01:23:27.830Z"",""plannedEndIso"":""2026-05-26T02:08:27.830Z"",""filterPlansTonight"":[{""filterName"":""H"",""exposureSeconds"":600,""count"":2}],""reasons"":[""Weather-permitted segments overlapping this run: May 25, 9:23 PM – May 25, 10:00 PM ET."",""Frames in this session: H 2×600s (2 exposure(s) total)."",""Start at May 25, 9:23 PM ET: target at 72.7° (≥30° required)."",""Fewer frames than the free window could fit: placement requires ≥80% weather-permitted and 100% target-altitude (≥30°) coverage for the full run (may span multiple clear spells)."",""End at May 25, 10:08 PM ET: 0.33 h exposure + 25 min session overhead (0.75 h block)."",""Coverage checks: weather-permitted 81% (≥80% required), target ≥30° 100% (100% required).""]}"
"2026-05-26T00:12:17.006Z","project.sub_session_unscheduled","Project sub-session unscheduled: M101 Project Session 1 (a9a609e6-0e7c-41e7-a1b0-857ae61105d7::night-1).","{""projectId"":""a9a609e6-0e7c-41e7-a1b0-857ae61105d7"",""nightSubId"":""a9a609e6-0e7c-41e7-a1b0-857ae61105d7::night-1"",""nightIndex"":1,""nightKey"":""2026-05-25"",""target"":""M101 Project"",""previousPlannedStartIso"":""2026-05-26T01:23:27.830Z"",""reason"":""Global weather trigger: no 2-hour consecutive run with cloud cover < 10%.""}"
"2026-05-26T00:12:06.993Z","queue.schedule_decision","Session a9a609e6-0e7c-41e7-a1b0-857ae61105d7 moved from scheduled back to pending schedule state.","{""id"":""a9a609e6-0e7c-41e7-a1b0-857ae61105d7"",""target"":""M101 Project"",""previousStatus"":""scheduled"",""nextStatus"":""unscheduled"",""previousPlannedStartIso"":""2026-05-26T01:23:27.830Z"",""reason"":""Global weather trigger: no 2-hour consecutive run with cloud cover < 10%."",""reasons"":[""Global weather trigger: no 2-hour consecutive run with cloud cover < 10%.""]}"
"2026-05-26T00:12:06.906Z","project.sub_session_unscheduled","Project sub-session unscheduled: M101 Project Session 1 (a9a609e6-0e7c-41e7-a1b0-857ae61105d7::night-1).","{""projectId"":""a9a609e6-0e7c-41e7-a1b0-857ae61105d7"",""nightSubId"":""a9a609e6-0e7c-41e7-a1b0-857ae61105d7::night-1"",""nightIndex"":1,""nightKey"":""2026-05-25"",""target"":""M101 Project"",""previousPlannedStartIso"":""2026-05-26T01:23:27.830Z"",""reason"":""Global weather trigger: no 2-hour consecutive run with cloud cover < 10%.""}"
"2026-05-26T00:12:06.849Z","project.sub_session_scheduled","Project sub-session scheduled: M101 Project Session 1 (a9a609e6-0e7c-41e7-a1b0-857ae61105d7::night-1).","{""projectId"":""a9a609e6-0e7c-41e7-a1b0-857ae61105d7"",""nightSubId"":""a9a609e6-0e7c-41e7-a1b0-857ae61105d7::night-1"",""nightIndex"":1,""nightKey"":""2026-05-25"",""target"":""M101 Project"",""plannedStartIso"":""2026-05-26T01:23:27.830Z"",""plannedEndIso"":""2026-05-26T02:08:27.830Z"",""filterPlansTonight"":[{""filterName"":""H"",""exposureSeconds"":600,""count"":2}],""reasons"":[""Weather-permitted segments overlapping this run: May 25, 9:23 PM – May 25, 10:00 PM ET."",""Frames in this session: H 2×600s (2 exposure(s) total)."",""Start at May 25, 9:23 PM ET: target at 72.7° (≥30° required)."",""Fewer frames than the free window could fit: placement requires ≥80% weather-permitted and 100% target-altitude (≥30°) coverage for the full run (may span multiple clear spells)."",""End at May 25, 10:08 PM ET: 0.33 h exposure + 25 min session overhead (0.75 h block)."",""Coverage checks: weather-permitted 81% (≥80% required), target ≥30° 100% (100% required).""]}"
"2026-05-26T00:11:55.981Z","project.sub_session_unscheduled","Project sub-session unscheduled: M101 Project Session 1 (a9a609e6-0e7c-41e7-a1b0-857ae61105d7::night-1).","{""projectId"":""a9a609e6-0e7c-41e7-a1b0-857ae61105d7"",""nightSubId"":""a9a609e6-0e7c-41e7-a1b0-857ae61105d7::night-1"",""nightIndex"":1,""nightKey"":""2026-05-25"",""target"":""M101 Project"",""previousPlannedStartIso"":""2026-05-26T01:23:27.830Z"",""reason"":""Global weather trigger: no 2-hour consecutive run with cloud cover < 10%.""}"
"2026-05-26T00:11:31.324Z","queue.schedule_decision","Session a9a609e6-0e7c-41e7-a1b0-857ae61105d7 moved from scheduled back to pending schedule state.","{""id"":""a9a609e6-0e7c-41e7-a1b0-857ae61105d7"",""target"":""M101 Project"",""previousStatus"":""scheduled"",""nextStatus"":""unscheduled"",""previousPlannedStartIso"":""2026-05-26T01:23:27.830Z"",""reason"":""Global weather trigger: no 2-hour consecutive run with cloud cover < 10%."",""reasons"":[""Global weather trigger: no 2-hour consecutive run with cloud cover < 10%.""]}"
"2026-05-26T00:11:31.258Z","project.sub_session_unscheduled","Project sub-session unscheduled: M101 Project Session 1 (a9a609e6-0e7c-41e7-a1b0-857ae61105d7::night-1).","{""projectId"":""a9a609e6-0e7c-41e7-a1b0-857ae61105d7"",""nightSubId"":""a9a609e6-0e7c-41e7-a1b0-857ae61105d7::night-1"",""nightIndex"":1,""nightKey"":""2026-05-25"",""target"":""M101 Project"",""previousPlannedStartIso"":""2026-05-26T01:23:27.830Z"",""reason"":""Global weather trigger: no 2-hour consecutive run with cloud cover < 10%.""}"
"2026-05-26T00:08:57.257Z","project.sub_session_unscheduled","Project sub-session unscheduled: M101 Project Session 1 (a9a609e6-0e7c-41e7-a1b0-857ae61105d7::night-1).","{""projectId"":""a9a609e6-0e7c-41e7-a1b0-857ae61105d7"",""nightSubId"":""a9a609e6-0e7c-41e7-a1b0-857ae61105d7::night-1"",""nightIndex"":1,""nightKey"":""2026-05-25"",""target"":""M101 Project"",""previousPlannedStartIso"":""2026-05-26T01:23:27.830Z"",""reason"":""Global weather trigger: no 2-hour consecutive run with cloud cover < 10%.""}"
"2026-05-26T00:08:57.177Z","project.sub_session_scheduled","Project sub-session scheduled: M101 Project Session 1 (a9a609e6-0e7c-41e7-a1b0-857ae61105d7::night-1).","{""projectId"":""a9a609e6-0e7c-41e7-a1b0-857ae61105d7"",""nightSubId"":""a9a609e6-0e7c-41e7-a1b0-857ae61105d7::night-1"",""nightIndex"":1,""nightKey"":""2026-05-25"",""target"":""M101 Project"",""plannedStartIso"":""2026-05-26T01:23:27.830Z"",""plannedEndIso"":""2026-05-26T02:08:27.830Z"",""filterPlansTonight"":[{""filterName"":""H"",""exposureSeconds"":600,""count"":2}],""reasons"":[""Weather-permitted segments overlapping this run: May 25, 9:23 PM – May 25, 10:00 PM ET."",""Frames in this session: H 2×600s (2 exposure(s) total)."",""Start at May 25, 9:23 PM ET: target at 72.7° (≥30° required)."",""Fewer frames than the free window could fit: placement requires ≥80% weather-permitted and 100% target-altitude (≥30°) coverage for the full run (may span multiple clear spells)."",""End at May 25, 10:08 PM ET: 0.33 h exposure + 25 min session overhead (0.75 h block)."",""Coverage checks: weather-permitted 81% (≥80% required), target ≥30° 100% (100% required).""]}"
"2026-05-26T00:02:54.611Z","queue.schedule_decision","Session a9a609e6-0e7c-41e7-a1b0-857ae61105d7 moved from scheduled back to pending schedule state.","{""id"":""a9a609e6-0e7c-41e7-a1b0-857ae61105d7"",""target"":""M101 Project"",""previousStatus"":""scheduled"",""nextStatus"":""unscheduled"",""previousPlannedStartIso"":""2026-05-26T01:23:27.830Z"",""reason"":""Global weather trigger: no 2-hour consecutive run with cloud cover < 10%."",""reasons"":[""Global weather trigger: no 2-hour consecutive run with cloud cover < 10%.""]}"
"2026-05-26T00:02:54.553Z","project.sub_session_unscheduled","Project sub-session unscheduled: M101 Project Session 1 (a9a609e6-0e7c-41e7-a1b0-857ae61105d7::night-1).","{""projectId"":""a9a609e6-0e7c-41e7-a1b0-857ae61105d7"",""nightSubId"":""a9a609e6-0e7c-41e7-a1b0-857ae61105d7::night-1"",""nightIndex"":1,""nightKey"":""2026-05-25"",""target"":""M101 Project"",""previousPlannedStartIso"":""2026-05-26T01:23:27.830Z"",""reason"":""Global weather trigger: no 2-hour consecutive run with cloud cover < 10%.""}"
"2026-05-26T00:02:54.477Z","project.sub_session_scheduled","Project sub-session scheduled: M101 Project Session 1 (a9a609e6-0e7c-41e7-a1b0-857ae61105d7::night-1).","{""projectId"":""a9a609e6-0e7c-41e7-a1b0-857ae61105d7"",""nightSubId"":""a9a609e6-0e7c-41e7-a1b0-857ae61105d7::night-1"",""nightIndex"":1,""nightKey"":""2026-05-25"",""target"":""M101 Project"",""plannedStartIso"":""2026-05-26T01:23:27.830Z"",""plannedEndIso"":""2026-05-26T02:08:27.830Z"",""filterPlansTonight"":[{""filterName"":""H"",""exposureSeconds"":600,""count"":2}],""reasons"":[""Weather-permitted segments overlapping this run: May 25, 9:23 PM – May 25, 10:00 PM ET."",""Frames in this session: H 2×600s (2 exposure(s) total)."",""Start at May 25, 9:23 PM ET: target at 72.7° (≥30° required)."",""Fewer frames than the free window could fit: placement requires ≥80% weather-permitted and 100% target-altitude (≥30°) coverage for the full run (may span multiple clear spells)."",""End at May 25, 10:08 PM ET: 0.33 h exposure + 25 min session overhead (0.75 h block)."",""Coverage checks: weather-permitted 81% (≥80% required), target ≥30° 100% (100% required).""]}"
"2026-05-25T23:56:51.830Z","project.sub_session_unscheduled","Project sub-session unscheduled: M101 Project Session 1 (a9a609e6-0e7c-41e7-a1b0-857ae61105d7::night-1).","{""projectId"":""a9a609e6-0e7c-41e7-a1b0-857ae61105d7"",""nightSubId"":""a9a609e6-0e7c-41e7-a1b0-857ae61105d7::night-1"",""nightIndex"":1,""nightKey"":""2026-05-25"",""target"":""M101 Project"",""previousPlannedStartIso"":""2026-05-26T01:23:27.830Z"",""reason"":""Global weather trigger: no 2-hour consecutive run with cloud cover < 10%.""}"
"2026-05-25T23:56:51.771Z","project.sub_session_scheduled","Project sub-session scheduled: M101 Project Session 1 (a9a609e6-0e7c-41e7-a1b0-857ae61105d7::night-1).","{""projectId"":""a9a609e6-0e7c-41e7-a1b0-857ae61105d7"",""nightSubId"":""a9a609e6-0e7c-41e7-a1b0-857ae61105d7::night-1"",""nightIndex"":1,""nightKey"":""2026-05-25"",""target"":""M101 Project"",""plannedStartIso"":""2026-05-26T01:23:27.830Z"",""plannedEndIso"":""2026-05-26T02:08:27.830Z"",""filterPlansTonight"":[{""filterName"":""H"",""exposureSeconds"":600,""count"":2}],""reasons"":[""Weather-permitted segments overlapping this run: May 25, 9:23 PM – May 25, 10:00 PM ET."",""Frames in this session: H 2×600s (2 exposure(s) total)."",""Start at May 25, 9:23 PM ET: target at 72.7° (≥30° required)."",""Fewer frames than the free window could fit: placement requires ≥80% weather-permitted and 100% target-altitude (≥30°) coverage for the full run (may span multiple clear spells)."",""End at May 25, 10:08 PM ET: 0.33 h exposure + 25 min session overhead (0.75 h block)."",""Coverage checks: weather-permitted 81% (≥80% required), target ≥30° 100% (100% required).""]}"
"2026-05-25T23:50:49.213Z","queue.schedule_decision","Session a9a609e6-0e7c-41e7-a1b0-857ae61105d7 moved from scheduled back to pending schedule state.","{""id"":""a9a609e6-0e7c-41e7-a1b0-857ae61105d7"",""target"":""M101 Project"",""previousStatus"":""scheduled"",""nextStatus"":""unscheduled"",""previousPlannedStartIso"":""2026-05-26T01:23:27.830Z"",""reason"":""Global weather trigger: no 2-hour consecutive run with cloud cover < 10%."",""reasons"":[""Global weather trigger: no 2-hour consecutive run with cloud cover < 10%.""]}"
"2026-05-25T23:50:49.129Z","project.sub_session_unscheduled","Project sub-session unscheduled: M101 Project Session 1 (a9a609e6-0e7c-41e7-a1b0-857ae61105d7::night-1).","{""projectId"":""a9a609e6-0e7c-41e7-a1b0-857ae61105d7"",""nightSubId"":""a9a609e6-0e7c-41e7-a1b0-857ae61105d7::night-1"",""nightIndex"":1,""nightKey"":""2026-05-25"",""target"":""M101 Project"",""previousPlannedStartIso"":""2026-05-26T01:23:27.830Z"",""reason"":""Global weather trigger: no 2-hour consecutive run with cloud cover < 10%.""}"
"2026-05-25T23:50:49.039Z","project.sub_session_scheduled","Project sub-session scheduled: M101 Project Session 1 (a9a609e6-0e7c-41e7-a1b0-857ae61105d7::night-1).","{""projectId"":""a9a609e6-0e7c-41e7-a1b0-857ae61105d7"",""nightSubId"":""a9a609e6-0e7c-41e7-a1b0-857ae61105d7::night-1"",""nightIndex"":1,""nightKey"":""2026-05-25"",""target"":""M101 Project"",""plannedStartIso"":""2026-05-26T01:23:27.830Z"",""plannedEndIso"":""2026-05-26T02:08:27.830Z"",""filterPlansTonight"":[{""filterName"":""H"",""exposureSeconds"":600,""count"":2}],""reasons"":[""Weather-permitted segments overlapping this run: May 25, 9:23 PM – May 25, 10:00 PM ET."",""Frames in this session: H 2×600s (2 exposure(s) total)."",""Start at May 25, 9:23 PM ET: target at 72.7° (≥30° required)."",""Fewer frames than the free window could fit: placement requires ≥80% weather-permitted and 100% target-altitude (≥30°) coverage for the full run (may span multiple clear spells)."",""End at May 25, 10:08 PM ET: 0.33 h exposure + 25 min session overhead (0.75 h block)."",""Coverage checks: weather-permitted 81% (≥80% required), target ≥30° 100% (100% required).""]}"
"2026-05-25T23:44:46.360Z","project.sub_session_unscheduled","Project sub-session unscheduled: M101 Project Session 1 (a9a609e6-0e7c-41e7-a1b0-857ae61105d7::night-1).","{""projectId"":""a9a609e6-0e7c-41e7-a1b0-857ae61105d7"",""nightSubId"":""a9a609e6-0e7c-41e7-a1b0-857ae61105d7::night-1"",""nightIndex"":1,""nightKey"":""2026-05-25"",""target"":""M101 Project"",""previousPlannedStartIso"":""2026-05-26T01:23:27.830Z"",""reason"":""Global weather trigger: no 2-hour consecutive run with cloud cover < 10%.""}"
"2026-05-25T23:44:46.291Z","project.sub_session_scheduled","Project sub-session scheduled: M101 Project Session 1 (a9a609e6-0e7c-41e7-a1b0-857ae61105d7::night-1).","{""projectId"":""a9a609e6-0e7c-41e7-a1b0-857ae61105d7"",""nightSubId"":""a9a609e6-0e7c-41e7-a1b0-857ae61105d7::night-1"",""nightIndex"":1,""nightKey"":""2026-05-25"",""target"":""M101 Project"",""plannedStartIso"":""2026-05-26T01:23:27.830Z"",""plannedEndIso"":""2026-05-26T02:08:27.830Z"",""filterPlansTonight"":[{""filterName"":""H"",""exposureSeconds"":600,""count"":2}],""reasons"":[""Weather-permitted segments overlapping this run: May 25, 9:23 PM – May 25, 10:00 PM ET."",""Frames in this session: H 2×600s (2 exposure(s) total)."",""Start at May 25, 9:23 PM ET: target at 72.7° (≥30° required)."",""Fewer frames than the free window could fit: placement requires ≥80% weather-permitted and 100% target-altitude (≥30°) coverage for the full run (may span multiple clear spells)."",""End at May 25, 10:08 PM ET: 0.33 h exposure + 25 min session overhead (0.75 h block)."",""Coverage checks: weather-permitted 81% (≥80% required), target ≥30° 100% (100% required).""]}"
"2026-05-25T23:38:43.804Z","queue.schedule_decision","Session a9a609e6-0e7c-41e7-a1b0-857ae61105d7 moved from scheduled back to pending schedule state.","{""id"":""a9a609e6-0e7c-41e7-a1b0-857ae61105d7"",""target"":""M101 Project"",""previousStatus"":""scheduled"",""nextStatus"":""unscheduled"",""previousPlannedStartIso"":""2026-05-26T01:23:27.830Z"",""reason"":""Global weather trigger: no 2-hour consecutive run with cloud cover < 10%."",""reasons"":[""Global weather trigger: no 2-hour consecutive run with cloud cover < 10%.""]}"
"2026-05-25T23:38:43.743Z","project.sub_session_unscheduled","Project sub-session unscheduled: M101 Project Session 1 (a9a609e6-0e7c-41e7-a1b0-857ae61105d7::night-1).","{""projectId"":""a9a609e6-0e7c-41e7-a1b0-857ae61105d7"",""nightSubId"":""a9a609e6-0e7c-41e7-a1b0-857ae61105d7::night-1"",""nightIndex"":1,""nightKey"":""2026-05-25"",""target"":""M101 Project"",""previousPlannedStartIso"":""2026-05-26T01:23:27.830Z"",""reason"":""Global weather trigger: no 2-hour consecutive run with cloud cover < 10%.""}"
"2026-05-25T23:38:43.670Z","project.sub_session_scheduled","Project sub-session scheduled: M101 Project Session 1 (a9a609e6-0e7c-41e7-a1b0-857ae61105d7::night-1).","{""projectId"":""a9a609e6-0e7c-41e7-a1b0-857ae61105d7"",""nightSubId"":""a9a609e6-0e7c-41e7-a1b0-857ae61105d7::night-1"",""nightIndex"":1,""nightKey"":""2026-05-25"",""target"":""M101 Project"",""plannedStartIso"":""2026-05-26T01:23:27.830Z"",""plannedEndIso"":""2026-05-26T02:08:27.830Z"",""filterPlansTonight"":[{""filterName"":""H"",""exposureSeconds"":600,""count"":2}],""reasons"":[""Weather-permitted segments overlapping this run: May 25, 9:23 PM – May 25, 10:00 PM ET."",""Frames in this session: H 2×600s (2 exposure(s) total)."",""Start at May 25, 9:23 PM ET: target at 72.7° (≥30° required)."",""Fewer frames than the free window could fit: placement requires ≥80% weather-permitted and 100% target-altitude (≥30°) coverage for the full run (may span multiple clear spells)."",""End at May 25, 10:08 PM ET: 0.33 h exposure + 25 min session overhead (0.75 h block)."",""Coverage checks: weather-permitted 81% (≥80% required), target ≥30° 100% (100% required).""]}"
"2026-05-25T23:35:53.384Z","project.sub_session_unscheduled","Project sub-session unscheduled: M101 Project Session 1 (a9a609e6-0e7c-41e7-a1b0-857ae61105d7::night-1).","{""projectId"":""a9a609e6-0e7c-41e7-a1b0-857ae61105d7"",""nightSubId"":""a9a609e6-0e7c-41e7-a1b0-857ae61105d7::night-1"",""nightIndex"":1,""nightKey"":""2026-05-25"",""target"":""M101 Project"",""previousPlannedStartIso"":""2026-05-26T01:23:27.830Z"",""reason"":""Global weather trigger: no 2-hour consecutive run with cloud cover < 10%.""}"
"2026-05-25T23:35:53.292Z","project.sub_session_scheduled","Project sub-session scheduled: M101 Project Session 1 (a9a609e6-0e7c-41e7-a1b0-857ae61105d7::night-1).","{""projectId"":""a9a609e6-0e7c-41e7-a1b0-857ae61105d7"",""nightSubId"":""a9a609e6-0e7c-41e7-a1b0-857ae61105d7::night-1"",""nightIndex"":1,""nightKey"":""2026-05-25"",""target"":""M101 Project"",""plannedStartIso"":""2026-05-26T01:23:27.830Z"",""plannedEndIso"":""2026-05-26T02:08:27.830Z"",""filterPlansTonight"":[{""filterName"":""H"",""exposureSeconds"":600,""count"":2}],""reasons"":[""Weather-permitted segments overlapping this run: May 25, 9:23 PM – May 25, 10:00 PM ET."",""Frames in this session: H 2×600s (2 exposure(s) total)."",""Start at May 25, 9:23 PM ET: target at 72.7° (≥30° required)."",""Fewer frames than the free window could fit: placement requires ≥80% weather-permitted and 100% target-altitude (≥30°) coverage for the full run (may span multiple clear spells)."",""End at May 25, 10:08 PM ET: 0.33 h exposure + 25 min session overhead (0.75 h block)."",""Coverage checks: weather-permitted 81% (≥80% required), target ≥30° 100% (100% required).""]}"
"2026-05-25T23:32:41.086Z","queue.schedule_decision","Session a9a609e6-0e7c-41e7-a1b0-857ae61105d7 moved from scheduled back to pending schedule state.","{""id"":""a9a609e6-0e7c-41e7-a1b0-857ae61105d7"",""target"":""M101 Project"",""previousStatus"":""scheduled"",""nextStatus"":""unscheduled"",""previousPlannedStartIso"":""2026-05-26T01:23:27.830Z"",""reason"":""Global weather trigger: no 2-hour consecutive run with cloud cover < 10%."",""reasons"":[""Global weather trigger: no 2-hour consecutive run with cloud cover < 10%.""]}"
"2026-05-25T23:32:40.888Z","project.sub_session_scheduled","Project sub-session scheduled: M101 Project Session 1 (a9a609e6-0e7c-41e7-a1b0-857ae61105d7::night-1).","{""projectId"":""a9a609e6-0e7c-41e7-a1b0-857ae61105d7"",""nightSubId"":""a9a609e6-0e7c-41e7-a1b0-857ae61105d7::night-1"",""nightIndex"":1,""nightKey"":""2026-05-25"",""target"":""M101 Project"",""plannedStartIso"":""2026-05-26T01:23:27.830Z"",""plannedEndIso"":""2026-05-26T02:08:27.830Z"",""filterPlansTonight"":[{""filterName"":""H"",""exposureSeconds"":600,""count"":2}],""reasons"":[""Weather-permitted segments overlapping this run: May 25, 9:23 PM – May 25, 10:00 PM ET."",""Frames in this session: H 2×600s (2 exposure(s) total)."",""Start at May 25, 9:23 PM ET: target at 72.7° (≥30° required)."",""Fewer frames than the free window could fit: placement requires ≥80% weather-permitted and 100% target-altitude (≥30°) coverage for the full run (may span multiple clear spells)."",""End at May 25, 10:08 PM ET: 0.33 h exposure + 25 min session overhead (0.75 h block)."",""Coverage checks: weather-permitted 81% (≥80% required), target ≥30° 100% (100% required).""]}"
"2026-05-25T22:32:15.089Z","project.sub_session_scheduled","Project sub-session scheduled: M101 Project Session 1 (a9a609e6-0e7c-41e7-a1b0-857ae61105d7::night-1).","{""projectId"":""a9a609e6-0e7c-41e7-a1b0-857ae61105d7"",""nightSubId"":""a9a609e6-0e7c-41e7-a1b0-857ae61105d7::night-1"",""nightIndex"":1,""nightKey"":""2026-05-25"",""target"":""M101 Project"",""plannedStartIso"":""2026-05-26T01:23:27.830Z"",""plannedEndIso"":""2026-05-26T05:48:27.830Z"",""filterPlansTonight"":[{""filterName"":""H"",""exposureSeconds"":600,""count"":24}],""reasons"":[""Weather-permitted segments overlapping this run: May 25, 9:23 PM – May 25, 10:00 PM ET; May 25, 10:00 PM – May 25, 11:00 PM ET; May 25, 11:00 PM – May 26, 12:00 AM ET; May 26, 12:00 AM – May 26, 1:00 AM ET."",""Frames in this session: H 24×600s (24 exposure(s) total)."",""Start at May 25, 9:23 PM ET: target at 72.7° (≥30° required)."",""Fewer frames than the free window could fit: placement requires ≥80% weather-permitted and 100% target-altitude (≥30°) coverage for the full run (may span multiple clear spells)."",""End at May 26, 1:48 AM ET: 4.00 h exposure + 25 min session overhead (4.42 h block)."",""Coverage checks: weather-permitted 82% (≥80% required), target ≥30° 100% (100% required).""]}"
"2026-05-25T21:31:46.682Z","project.sub_session_unscheduled","Project sub-session unscheduled: M101 Project Session 2 (a9a609e6-0e7c-41e7-a1b0-857ae61105d7::night-2).","{""projectId"":""a9a609e6-0e7c-41e7-a1b0-857ae61105d7"",""nightSubId"":""a9a609e6-0e7c-41e7-a1b0-857ae61105d7::night-2"",""nightIndex"":2,""nightKey"":""2026-05-25"",""target"":""M101 Project"",""previousPlannedStartIso"":""2026-05-26T05:33:27.830Z"",""reason"":""Replaced by updated tonight sub-session plan.""}"
"2026-05-25T20:54:06.928Z","project.sub_session_scheduled","Project sub-session scheduled: M101 Project Session 2 (a9a609e6-0e7c-41e7-a1b0-857ae61105d7::night-2).","{""projectId"":""a9a609e6-0e7c-41e7-a1b0-857ae61105d7"",""nightSubId"":""a9a609e6-0e7c-41e7-a1b0-857ae61105d7::night-2"",""nightIndex"":2,""nightKey"":""2026-05-25"",""target"":""M101 Project"",""plannedStartIso"":""2026-05-26T05:33:27.830Z"",""plannedEndIso"":""2026-05-26T07:58:27.830Z"",""filterPlansTonight"":[{""filterName"":""H"",""exposureSeconds"":600,""count"":12}],""reasons"":[""Weather-permitted segments overlapping this run: May 26, 2:00 AM – May 26, 3:00 AM ET; May 26, 3:00 AM – May 26, 3:58 AM ET."",""Frames in this session: H 12×600s (12 exposure(s) total)."",""Start at May 26, 1:33 AM ET: target at 58.5° (≥30° required)."",""Not placed at May 26, 12:38 AM ET: waiting for target altitude, ≥80% weather-permitted coverage, or a long enough free interval."",""Fewer frames than the free window could fit: placement requires ≥80% weather-permitted and 100% target-altitude (≥30°) coverage for the full run (may span multiple clear spells)."",""End at May 26, 3:58 AM ET: 2.00 h exposure + 25 min session overhead (2.42 h block)."",""Coverage checks: weather-permitted 82% (≥80% required), target ≥30° 100% (100% required).""]}"
"2026-05-25T20:43:38.107Z","project.sub_session_unscheduled","Project sub-session unscheduled: M101 Project Session 3 (a9a609e6-0e7c-41e7-a1b0-857ae61105d7::night-3).","{""projectId"":""a9a609e6-0e7c-41e7-a1b0-857ae61105d7"",""nightSubId"":""a9a609e6-0e7c-41e7-a1b0-857ae61105d7::night-3"",""nightIndex"":3,""nightKey"":""2026-05-25"",""target"":""M101 Project"",""previousPlannedStartIso"":""2026-05-26T05:33:27.830Z"",""reason"":""Replaced by updated tonight sub-session plan.""}"
"2026-05-25T20:43:27.593Z","project.sub_session_unscheduled","Project sub-session unscheduled: M101 Project Session 3 (a9a609e6-0e7c-41e7-a1b0-857ae61105d7::night-3).","{""projectId"":""a9a609e6-0e7c-41e7-a1b0-857ae61105d7"",""nightSubId"":""a9a609e6-0e7c-41e7-a1b0-857ae61105d7::night-3"",""nightIndex"":3,""nightKey"":""2026-05-25"",""target"":""M101 Project"",""previousPlannedStartIso"":""2026-05-26T05:33:27.830Z"",""reason"":""Replaced by updated tonight sub-session plan.""}"
"2026-05-25T20:43:23.809Z","project.sub_session_unscheduled","Project sub-session unscheduled: M101 Project Session 3 (a9a609e6-0e7c-41e7-a1b0-857ae61105d7::night-3).","{""projectId"":""a9a609e6-0e7c-41e7-a1b0-857ae61105d7"",""nightSubId"":""a9a609e6-0e7c-41e7-a1b0-857ae61105d7::night-3"",""nightIndex"":3,""nightKey"":""2026-05-25"",""target"":""M101 Project"",""previousPlannedStartIso"":""2026-05-26T05:33:27.830Z"",""reason"":""Replaced by updated tonight sub-session plan.""}"
"2026-05-25T20:43:17.999Z","project.sub_session_unscheduled","Project sub-session unscheduled: M101 Project Session 3 (a9a609e6-0e7c-41e7-a1b0-857ae61105d7::night-3).","{""projectId"":""a9a609e6-0e7c-41e7-a1b0-857ae61105d7"",""nightSubId"":""a9a609e6-0e7c-41e7-a1b0-857ae61105d7::night-3"",""nightIndex"":3,""nightKey"":""2026-05-25"",""target"":""M101 Project"",""previousPlannedStartIso"":""2026-05-26T05:33:27.830Z"",""reason"":""Replaced by updated tonight sub-session plan.""}"
"2026-05-25T20:43:03.578Z","project.sub_session_unscheduled","Project sub-session unscheduled: M101 Project Session 3 (a9a609e6-0e7c-41e7-a1b0-857ae61105d7::night-3).","{""projectId"":""a9a609e6-0e7c-41e7-a1b0-857ae61105d7"",""nightSubId"":""a9a609e6-0e7c-41e7-a1b0-857ae61105d7::night-3"",""nightIndex"":3,""nightKey"":""2026-05-25"",""target"":""M101 Project"",""previousPlannedStartIso"":""2026-05-26T05:33:27.830Z"",""reason"":""Replaced by updated tonight sub-session plan.""}"
"2026-05-25T20:42:46.797Z","project.sub_session_unscheduled","Project sub-session unscheduled: M101 Project Session 3 (a9a609e6-0e7c-41e7-a1b0-857ae61105d7::night-3).","{""projectId"":""a9a609e6-0e7c-41e7-a1b0-857ae61105d7"",""nightSubId"":""a9a609e6-0e7c-41e7-a1b0-857ae61105d7::night-3"",""nightIndex"":3,""nightKey"":""2026-05-25"",""target"":""M101 Project"",""previousPlannedStartIso"":""2026-05-26T05:33:27.830Z"",""reason"":""Replaced by updated tonight sub-session plan.""}"
"2026-05-25T20:42:36.233Z","project.sub_session_unscheduled","Project sub-session unscheduled: M101 Project Session 3 (a9a609e6-0e7c-41e7-a1b0-857ae61105d7::night-3).","{""projectId"":""a9a609e6-0e7c-41e7-a1b0-857ae61105d7"",""nightSubId"":""a9a609e6-0e7c-41e7-a1b0-857ae61105d7::night-3"",""nightIndex"":3,""nightKey"":""2026-05-25"",""target"":""M101 Project"",""previousPlannedStartIso"":""2026-05-26T05:33:27.830Z"",""reason"":""Replaced by updated tonight sub-session plan.""}"
"2026-05-25T20:42:26.203Z","project.sub_session_unscheduled","Project sub-session unscheduled: M101 Project Session 3 (a9a609e6-0e7c-41e7-a1b0-857ae61105d7::night-3).","{""projectId"":""a9a609e6-0e7c-41e7-a1b0-857ae61105d7"",""nightSubId"":""a9a609e6-0e7c-41e7-a1b0-857ae61105d7::night-3"",""nightIndex"":3,""nightKey"":""2026-05-25"",""target"":""M101 Project"",""previousPlannedStartIso"":""2026-05-26T05:33:27.830Z"",""reason"":""Replaced by updated tonight sub-session plan.""}"
"2026-05-25T20:42:16.148Z","project.sub_session_unscheduled","Project sub-session unscheduled: M101 Project Session 3 (a9a609e6-0e7c-41e7-a1b0-857ae61105d7::night-3).","{""projectId"":""a9a609e6-0e7c-41e7-a1b0-857ae61105d7"",""nightSubId"":""a9a609e6-0e7c-41e7-a1b0-857ae61105d7::night-3"",""nightIndex"":3,""nightKey"":""2026-05-25"",""target"":""M101 Project"",""previousPlannedStartIso"":""2026-05-26T05:33:27.830Z"",""reason"":""Replaced by updated tonight sub-session plan.""}"
"2026-05-25T20:42:06.000Z","project.sub_session_unscheduled","Project sub-session unscheduled: M101 Project Session 3 (a9a609e6-0e7c-41e7-a1b0-857ae61105d7::night-3).","{""projectId"":""a9a609e6-0e7c-41e7-a1b0-857ae61105d7"",""nightSubId"":""a9a609e6-0e7c-41e7-a1b0-857ae61105d7::night-3"",""nightIndex"":3,""nightKey"":""2026-05-25"",""target"":""M101 Project"",""previousPlannedStartIso"":""2026-05-26T05:33:27.830Z"",""reason"":""Replaced by updated tonight sub-session plan.""}"
"2026-05-25T20:41:55.894Z","project.sub_session_unscheduled","Project sub-session unscheduled: M101 Project Session 3 (a9a609e6-0e7c-41e7-a1b0-857ae61105d7::night-3).","{""projectId"":""a9a609e6-0e7c-41e7-a1b0-857ae61105d7"",""nightSubId"":""a9a609e6-0e7c-41e7-a1b0-857ae61105d7::night-3"",""nightIndex"":3,""nightKey"":""2026-05-25"",""target"":""M101 Project"",""previousPlannedStartIso"":""2026-05-26T05:33:27.830Z"",""reason"":""Replaced by updated tonight sub-session plan.""}"
"2026-05-25T20:41:45.780Z","project.sub_session_unscheduled","Project sub-session unscheduled: M101 Project Session 3 (a9a609e6-0e7c-41e7-a1b0-857ae61105d7::night-3).","{""projectId"":""a9a609e6-0e7c-41e7-a1b0-857ae61105d7"",""nightSubId"":""a9a609e6-0e7c-41e7-a1b0-857ae61105d7::night-3"",""nightIndex"":3,""nightKey"":""2026-05-25"",""target"":""M101 Project"",""previousPlannedStartIso"":""2026-05-26T05:33:27.830Z"",""reason"":""Replaced by updated tonight sub-session plan.""}"
"2026-05-25T20:41:35.673Z","project.sub_session_unscheduled","Project sub-session unscheduled: M101 Project Session 3 (a9a609e6-0e7c-41e7-a1b0-857ae61105d7::night-3).","{""projectId"":""a9a609e6-0e7c-41e7-a1b0-857ae61105d7"",""nightSubId"":""a9a609e6-0e7c-41e7-a1b0-857ae61105d7::night-3"",""nightIndex"":3,""nightKey"":""2026-05-25"",""target"":""M101 Project"",""previousPlannedStartIso"":""2026-05-26T05:33:27.830Z"",""reason"":""Replaced by updated tonight sub-session plan.""}"
"2026-05-25T20:41:24.441Z","project.sub_session_unscheduled","Project sub-session unscheduled: M101 Project Session 3 (a9a609e6-0e7c-41e7-a1b0-857ae61105d7::night-3).","{""projectId"":""a9a609e6-0e7c-41e7-a1b0-857ae61105d7"",""nightSubId"":""a9a609e6-0e7c-41e7-a1b0-857ae61105d7::night-3"",""nightIndex"":3,""nightKey"":""2026-05-25"",""target"":""M101 Project"",""previousPlannedStartIso"":""2026-05-26T05:33:27.830Z"",""reason"":""Replaced by updated tonight sub-session plan.""}"
"2026-05-25T20:37:59.304Z","project.sub_session_unscheduled","Project sub-session unscheduled: M101 Project Session 3 (a9a609e6-0e7c-41e7-a1b0-857ae61105d7::night-3).","{""projectId"":""a9a609e6-0e7c-41e7-a1b0-857ae61105d7"",""nightSubId"":""a9a609e6-0e7c-41e7-a1b0-857ae61105d7::night-3"",""nightIndex"":3,""nightKey"":""2026-05-25"",""target"":""M101 Project"",""previousPlannedStartIso"":""2026-05-26T05:33:27.830Z"",""reason"":""Replaced by updated tonight sub-session plan.""}"
"2026-05-25T20:37:20.473Z","project.sub_session_unscheduled","Project sub-session unscheduled: M101 Project Session 3 (a9a609e6-0e7c-41e7-a1b0-857ae61105d7::night-3).","{""projectId"":""a9a609e6-0e7c-41e7-a1b0-857ae61105d7"",""nightSubId"":""a9a609e6-0e7c-41e7-a1b0-857ae61105d7::night-3"",""nightIndex"":3,""nightKey"":""2026-05-25"",""target"":""M101 Project"",""previousPlannedStartIso"":""2026-05-26T05:33:27.830Z"",""reason"":""Replaced by updated tonight sub-session plan.""}"
"2026-05-25T20:33:24.777Z","project.sub_session_unscheduled","Project sub-session unscheduled: M101 Project Session 1 (a9a609e6-0e7c-41e7-a1b0-857ae61105d7::night-1).","{""projectId"":""a9a609e6-0e7c-41e7-a1b0-857ae61105d7"",""nightSubId"":""a9a609e6-0e7c-41e7-a1b0-857ae61105d7::night-1"",""nightIndex"":1,""nightKey"":""2026-05-25"",""target"":""M101 Project"",""previousPlannedStartIso"":""2026-05-26T01:23:27.830Z"",""reason"":""Replaced by updated tonight sub-session plan.""}"
"2026-05-25T20:33:24.130Z","project.sub_session_unscheduled","Project sub-session unscheduled: M101 Project Session 3 (a9a609e6-0e7c-41e7-a1b0-857ae61105d7::night-3).","{""projectId"":""a9a609e6-0e7c-41e7-a1b0-857ae61105d7"",""nightSubId"":""a9a609e6-0e7c-41e7-a1b0-857ae61105d7::night-3"",""nightIndex"":3,""nightKey"":""2026-05-25"",""target"":""M101 Project"",""previousPlannedStartIso"":""2026-05-26T05:33:27.830Z"",""reason"":""Replaced by updated tonight sub-session plan.""}"
"2026-05-25T20:33:13.752Z","project.sub_session_unscheduled","Project sub-session unscheduled: M101 Project Session 3 (a9a609e6-0e7c-41e7-a1b0-857ae61105d7::night-3).","{""projectId"":""a9a609e6-0e7c-41e7-a1b0-857ae61105d7"",""nightSubId"":""a9a609e6-0e7c-41e7-a1b0-857ae61105d7::night-3"",""nightIndex"":3,""nightKey"":""2026-05-25"",""target"":""M101 Project"",""previousPlannedStartIso"":""2026-05-26T05:33:27.830Z"",""reason"":""Replaced by updated tonight sub-session plan.""}"
"2026-05-25T20:33:03.058Z","project.sub_session_unscheduled","Project sub-session unscheduled: M101 Project Session 3 (a9a609e6-0e7c-41e7-a1b0-857ae61105d7::night-3).","{""projectId"":""a9a609e6-0e7c-41e7-a1b0-857ae61105d7"",""nightSubId"":""a9a609e6-0e7c-41e7-a1b0-857ae61105d7::night-3"",""nightIndex"":3,""nightKey"":""2026-05-25"",""target"":""M101 Project"",""previousPlannedStartIso"":""2026-05-26T05:33:27.830Z"",""reason"":""Replaced by updated tonight sub-session plan.""}"
"2026-05-25T20:32:53.001Z","project.sub_session_unscheduled","Project sub-session unscheduled: M101 Project Session 3 (a9a609e6-0e7c-41e7-a1b0-857ae61105d7::night-3).","{""projectId"":""a9a609e6-0e7c-41e7-a1b0-857ae61105d7"",""nightSubId"":""a9a609e6-0e7c-41e7-a1b0-857ae61105d7::night-3"",""nightIndex"":3,""nightKey"":""2026-05-25"",""target"":""M101 Project"",""previousPlannedStartIso"":""2026-05-26T05:33:27.830Z"",""reason"":""Replaced by updated tonight sub-session plan.""}"
"2026-05-25T20:32:42.845Z","project.sub_session_unscheduled","Project sub-session unscheduled: M101 Project Session 3 (a9a609e6-0e7c-41e7-a1b0-857ae61105d7::night-3).","{""projectId"":""a9a609e6-0e7c-41e7-a1b0-857ae61105d7"",""nightSubId"":""a9a609e6-0e7c-41e7-a1b0-857ae61105d7::night-3"",""nightIndex"":3,""nightKey"":""2026-05-25"",""target"":""M101 Project"",""previousPlannedStartIso"":""2026-05-26T05:33:27.830Z"",""reason"":""Replaced by updated tonight sub-session plan.""}"
"2026-05-25T20:32:32.780Z","project.sub_session_unscheduled","Project sub-session unscheduled: M101 Project Session 3 (a9a609e6-0e7c-41e7-a1b0-857ae61105d7::night-3).","{""projectId"":""a9a609e6-0e7c-41e7-a1b0-857ae61105d7"",""nightSubId"":""a9a609e6-0e7c-41e7-a1b0-857ae61105d7::night-3"",""nightIndex"":3,""nightKey"":""2026-05-25"",""target"":""M101 Project"",""previousPlannedStartIso"":""2026-05-26T05:33:27.830Z"",""reason"":""Replaced by updated tonight sub-session plan.""}"
"2026-05-25T20:32:23.095Z","project.sub_session_unscheduled","Project sub-session unscheduled: M101 Project Session 3 (a9a609e6-0e7c-41e7-a1b0-857ae61105d7::night-3).","{""projectId"":""a9a609e6-0e7c-41e7-a1b0-857ae61105d7"",""nightSubId"":""a9a609e6-0e7c-41e7-a1b0-857ae61105d7::night-3"",""nightIndex"":3,""nightKey"":""2026-05-25"",""target"":""M101 Project"",""previousPlannedStartIso"":""2026-05-26T05:33:27.830Z"",""reason"":""Replaced by updated tonight sub-session plan.""}"
"2026-05-25T20:32:11.729Z","project.sub_session_unscheduled","Project sub-session unscheduled: M101 Project Session 3 (a9a609e6-0e7c-41e7-a1b0-857ae61105d7::night-3).","{""projectId"":""a9a609e6-0e7c-41e7-a1b0-857ae61105d7"",""nightSubId"":""a9a609e6-0e7c-41e7-a1b0-857ae61105d7::night-3"",""nightIndex"":3,""nightKey"":""2026-05-25"",""target"":""M101 Project"",""previousPlannedStartIso"":""2026-05-26T05:33:27.830Z"",""reason"":""Replaced by updated tonight sub-session plan.""}"
"2026-05-25T20:32:11.565Z","project.sub_session_unscheduled","Project sub-session unscheduled: M101 Project Session 3 (a9a609e6-0e7c-41e7-a1b0-857ae61105d7::night-3).","{""projectId"":""a9a609e6-0e7c-41e7-a1b0-857ae61105d7"",""nightSubId"":""a9a609e6-0e7c-41e7-a1b0-857ae61105d7::night-3"",""nightIndex"":3,""nightKey"":""2026-05-25"",""target"":""M101 Project"",""previousPlannedStartIso"":""2026-05-26T05:33:27.830Z"",""reason"":""Replaced by updated tonight sub-session plan.""}"
"2026-05-25T20:31:17.381Z","project.sub_session_scheduled","Project sub-session scheduled: M101 Project Session 1 (a9a609e6-0e7c-41e7-a1b0-857ae61105d7::night-1).","{""projectId"":""a9a609e6-0e7c-41e7-a1b0-857ae61105d7"",""nightSubId"":""a9a609e6-0e7c-41e7-a1b0-857ae61105d7::night-1"",""nightIndex"":1,""nightKey"":""2026-05-25"",""target"":""M101 Project"",""plannedStartIso"":""2026-05-26T01:23:27.830Z"",""plannedEndIso"":""2026-05-26T04:38:27.830Z"",""filterPlansTonight"":[{""filterName"":""H"",""exposureSeconds"":600,""count"":17}],""reasons"":[""Weather-permitted segments overlapping this run: May 25, 9:23 PM – May 25, 10:00 PM ET; May 25, 10:00 PM – May 25, 11:00 PM ET; May 25, 11:00 PM – May 26, 12:00 AM ET."",""Frames in this session: H 17×600s (17 exposure(s) total)."",""Start at May 25, 9:23 PM ET: target at 72.7° (≥30° required)."",""Fewer frames than the free window could fit: placement requires ≥80% weather-permitted and 100% target-altitude (≥30°) coverage for the full run (may span multiple clear spells)."",""End at May 26, 12:38 AM ET: 2.83 h exposure + 25 min session overhead (3.25 h block)."",""Coverage checks: weather-permitted 80% (≥80% required), target ≥30° 100% (100% required).""]}"
"2026-05-25T20:25:13.925Z","project.sub_session_unscheduled","Project sub-session unscheduled: M101 Project Session 3 (a9a609e6-0e7c-41e7-a1b0-857ae61105d7::night-3).","{""projectId"":""a9a609e6-0e7c-41e7-a1b0-857ae61105d7"",""nightSubId"":""a9a609e6-0e7c-41e7-a1b0-857ae61105d7::night-3"",""nightIndex"":3,""nightKey"":""2026-05-25"",""target"":""M101 Project"",""previousPlannedStartIso"":""2026-05-26T05:48:27.830Z"",""reason"":""Replaced by updated tonight sub-session plan.""}"
"2026-05-25T20:19:27.515Z","project.sub_session_unscheduled","Project sub-session unscheduled: M101 Project Session 3 (a9a609e6-0e7c-41e7-a1b0-857ae61105d7::night-3).","{""projectId"":""a9a609e6-0e7c-41e7-a1b0-857ae61105d7"",""nightSubId"":""a9a609e6-0e7c-41e7-a1b0-857ae61105d7::night-3"",""nightIndex"":3,""nightKey"":""2026-05-25"",""target"":""M101 Project"",""previousPlannedStartIso"":""2026-05-26T05:48:27.830Z"",""reason"":""Replaced by updated tonight sub-session plan.""}"
"2026-05-25T20:19:21.996Z","project.sub_session_unscheduled","Project sub-session unscheduled: M101 Project Session 3 (a9a609e6-0e7c-41e7-a1b0-857ae61105d7::night-3).","{""projectId"":""a9a609e6-0e7c-41e7-a1b0-857ae61105d7"",""nightSubId"":""a9a609e6-0e7c-41e7-a1b0-857ae61105d7::night-3"",""nightIndex"":3,""nightKey"":""2026-05-25"",""target"":""M101 Project"",""previousPlannedStartIso"":""2026-05-26T05:48:27.830Z"",""reason"":""Replaced by updated tonight sub-session plan.""}"
"2026-05-25T20:19:10.271Z","project.sub_session_unscheduled","Project sub-session unscheduled: M101 Project Session 3 (a9a609e6-0e7c-41e7-a1b0-857ae61105d7::night-3).","{""projectId"":""a9a609e6-0e7c-41e7-a1b0-857ae61105d7"",""nightSubId"":""a9a609e6-0e7c-41e7-a1b0-857ae61105d7::night-3"",""nightIndex"":3,""nightKey"":""2026-05-25"",""target"":""M101 Project"",""previousPlannedStartIso"":""2026-05-26T05:48:27.830Z"",""reason"":""Replaced by updated tonight sub-session plan.""}"
"2026-05-25T20:13:07.560Z","project.sub_session_unscheduled","Project sub-session unscheduled: M101 Project Session 3 (a9a609e6-0e7c-41e7-a1b0-857ae61105d7::night-3).","{""projectId"":""a9a609e6-0e7c-41e7-a1b0-857ae61105d7"",""nightSubId"":""a9a609e6-0e7c-41e7-a1b0-857ae61105d7::night-3"",""nightIndex"":3,""nightKey"":""2026-05-25"",""target"":""M101 Project"",""previousPlannedStartIso"":""2026-05-26T05:48:27.830Z"",""reason"":""Replaced by updated tonight sub-session plan.""}"
"2026-05-25T20:13:07.559Z","project.sub_session_unscheduled","Project sub-session unscheduled: M101 Project Session 1 (a9a609e6-0e7c-41e7-a1b0-857ae61105d7::night-1).","{""projectId"":""a9a609e6-0e7c-41e7-a1b0-857ae61105d7"",""nightSubId"":""a9a609e6-0e7c-41e7-a1b0-857ae61105d7::night-1"",""nightIndex"":1,""nightKey"":""2026-05-25"",""target"":""M101 Project"",""previousPlannedStartIso"":""2026-05-26T01:23:27.830Z"",""reason"":""Replaced by updated tonight sub-session plan.""}"
"2026-05-25T20:07:04.696Z","project.sub_session_unscheduled","Project sub-session unscheduled: M101 Project Session 3 (a9a609e6-0e7c-41e7-a1b0-857ae61105d7::night-3).","{""projectId"":""a9a609e6-0e7c-41e7-a1b0-857ae61105d7"",""nightSubId"":""a9a609e6-0e7c-41e7-a1b0-857ae61105d7::night-3"",""nightIndex"":3,""nightKey"":""2026-05-25"",""target"":""M101 Project"",""previousPlannedStartIso"":""2026-05-26T05:48:27.830Z"",""reason"":""Replaced by updated tonight sub-session plan.""}"
"2026-05-25T20:03:13.103Z","project.sub_session_unscheduled","Project sub-session unscheduled: M101 Project Session 3 (a9a609e6-0e7c-41e7-a1b0-857ae61105d7::night-3).","{""projectId"":""a9a609e6-0e7c-41e7-a1b0-857ae61105d7"",""nightSubId"":""a9a609e6-0e7c-41e7-a1b0-857ae61105d7::night-3"",""nightIndex"":3,""nightKey"":""2026-05-25"",""target"":""M101 Project"",""previousPlannedStartIso"":""2026-05-26T05:48:27.830Z"",""reason"":""Replaced by updated tonight sub-session plan.""}"
"2026-05-25T20:01:01.746Z","project.sub_session_unscheduled","Project sub-session unscheduled: M101 Project Session 3 (a9a609e6-0e7c-41e7-a1b0-857ae61105d7::night-3).","{""projectId"":""a9a609e6-0e7c-41e7-a1b0-857ae61105d7"",""nightSubId"":""a9a609e6-0e7c-41e7-a1b0-857ae61105d7::night-3"",""nightIndex"":3,""nightKey"":""2026-05-25"",""target"":""M101 Project"",""previousPlannedStartIso"":""2026-05-26T05:48:27.830Z"",""reason"":""Replaced by updated tonight sub-session plan.""}"
"2026-05-25T19:54:58.650Z","project.sub_session_unscheduled","Project sub-session unscheduled: M101 Project Session 3 (a9a609e6-0e7c-41e7-a1b0-857ae61105d7::night-3).","{""projectId"":""a9a609e6-0e7c-41e7-a1b0-857ae61105d7"",""nightSubId"":""a9a609e6-0e7c-41e7-a1b0-857ae61105d7::night-3"",""nightIndex"":3,""nightKey"":""2026-05-25"",""target"":""M101 Project"",""previousPlannedStartIso"":""2026-05-26T05:48:27.830Z"",""reason"":""Replaced by updated tonight sub-session plan.""}"
"2026-05-25T19:48:55.763Z","project.sub_session_unscheduled","Project sub-session unscheduled: M101 Project Session 3 (a9a609e6-0e7c-41e7-a1b0-857ae61105d7::night-3).","{""projectId"":""a9a609e6-0e7c-41e7-a1b0-857ae61105d7"",""nightSubId"":""a9a609e6-0e7c-41e7-a1b0-857ae61105d7::night-3"",""nightIndex"":3,""nightKey"":""2026-05-25"",""target"":""M101 Project"",""previousPlannedStartIso"":""2026-05-26T05:48:27.830Z"",""reason"":""Replaced by updated tonight sub-session plan.""}"
"2026-05-25T19:42:52.689Z","project.sub_session_unscheduled","Project sub-session unscheduled: M101 Project Session 3 (a9a609e6-0e7c-41e7-a1b0-857ae61105d7::night-3).","{""projectId"":""a9a609e6-0e7c-41e7-a1b0-857ae61105d7"",""nightSubId"":""a9a609e6-0e7c-41e7-a1b0-857ae61105d7::night-3"",""nightIndex"":3,""nightKey"":""2026-05-25"",""target"":""M101 Project"",""previousPlannedStartIso"":""2026-05-26T05:48:27.830Z"",""reason"":""Replaced by updated tonight sub-session plan.""}"
"2026-05-25T19:36:49.895Z","project.sub_session_unscheduled","Project sub-session unscheduled: M101 Project Session 3 (a9a609e6-0e7c-41e7-a1b0-857ae61105d7::night-3).","{""projectId"":""a9a609e6-0e7c-41e7-a1b0-857ae61105d7"",""nightSubId"":""a9a609e6-0e7c-41e7-a1b0-857ae61105d7::night-3"",""nightIndex"":3,""nightKey"":""2026-05-25"",""target"":""M101 Project"",""previousPlannedStartIso"":""2026-05-26T05:48:27.830Z"",""reason"":""Replaced by updated tonight sub-session plan.""}"
"2026-05-25T19:30:47.113Z","project.sub_session_unscheduled","Project sub-session unscheduled: M101 Project Session 3 (a9a609e6-0e7c-41e7-a1b0-857ae61105d7::night-3).","{""projectId"":""a9a609e6-0e7c-41e7-a1b0-857ae61105d7"",""nightSubId"":""a9a609e6-0e7c-41e7-a1b0-857ae61105d7::night-3"",""nightIndex"":3,""nightKey"":""2026-05-25"",""target"":""M101 Project"",""previousPlannedStartIso"":""2026-05-26T05:48:27.830Z"",""reason"":""Replaced by updated tonight sub-session plan.""}"
"2026-05-25T19:24:43.094Z","project.sub_session_unscheduled","Project sub-session unscheduled: M101 Project Session 3 (a9a609e6-0e7c-41e7-a1b0-857ae61105d7::night-3).","{""projectId"":""a9a609e6-0e7c-41e7-a1b0-857ae61105d7"",""nightSubId"":""a9a609e6-0e7c-41e7-a1b0-857ae61105d7::night-3"",""nightIndex"":3,""nightKey"":""2026-05-25"",""target"":""M101 Project"",""previousPlannedStartIso"":""2026-05-26T05:48:27.830Z"",""reason"":""Replaced by updated tonight sub-session plan.""}"
"2026-05-25T19:18:39.337Z","project.sub_session_unscheduled","Project sub-session unscheduled: M101 Project Session 3 (a9a609e6-0e7c-41e7-a1b0-857ae61105d7::night-3).","{""projectId"":""a9a609e6-0e7c-41e7-a1b0-857ae61105d7"",""nightSubId"":""a9a609e6-0e7c-41e7-a1b0-857ae61105d7::night-3"",""nightIndex"":3,""nightKey"":""2026-05-25"",""target"":""M101 Project"",""previousPlannedStartIso"":""2026-05-26T05:48:27.830Z"",""reason"":""Replaced by updated tonight sub-session plan.""}"
"2026-05-25T19:18:09.888Z","project.sub_session_unscheduled","Project sub-session unscheduled: M101 Project Session 1 (a9a609e6-0e7c-41e7-a1b0-857ae61105d7::night-1).","{""projectId"":""a9a609e6-0e7c-41e7-a1b0-857ae61105d7"",""nightSubId"":""a9a609e6-0e7c-41e7-a1b0-857ae61105d7::night-1"",""nightIndex"":1,""nightKey"":""2026-05-25"",""target"":""M101 Project"",""previousPlannedStartIso"":""2026-05-26T01:23:27.830Z"",""reason"":""Replaced by updated tonight sub-session plan.""}"
"2026-05-25T19:18:08.982Z","project.sub_session_unscheduled","Project sub-session unscheduled: M101 Project Session 3 (a9a609e6-0e7c-41e7-a1b0-857ae61105d7::night-3).","{""projectId"":""a9a609e6-0e7c-41e7-a1b0-857ae61105d7"",""nightSubId"":""a9a609e6-0e7c-41e7-a1b0-857ae61105d7::night-3"",""nightIndex"":3,""nightKey"":""2026-05-25"",""target"":""M101 Project"",""previousPlannedStartIso"":""2026-05-26T05:48:27.830Z"",""reason"":""Replaced by updated tonight sub-session plan.""}"
"2026-05-25T19:17:02.789Z","project.sub_session_unscheduled","Project sub-session unscheduled: M101 Project Session 3 (a9a609e6-0e7c-41e7-a1b0-857ae61105d7::night-3).","{""projectId"":""a9a609e6-0e7c-41e7-a1b0-857ae61105d7"",""nightSubId"":""a9a609e6-0e7c-41e7-a1b0-857ae61105d7::night-3"",""nightIndex"":3,""nightKey"":""2026-05-25"",""target"":""M101 Project"",""previousPlannedStartIso"":""2026-05-26T05:48:27.830Z"",""reason"":""Replaced by updated tonight sub-session plan.""}"
"2026-05-25T19:16:51.679Z","project.sub_session_unscheduled","Project sub-session unscheduled: M101 Project Session 3 (a9a609e6-0e7c-41e7-a1b0-857ae61105d7::night-3).","{""projectId"":""a9a609e6-0e7c-41e7-a1b0-857ae61105d7"",""nightSubId"":""a9a609e6-0e7c-41e7-a1b0-857ae61105d7::night-3"",""nightIndex"":3,""nightKey"":""2026-05-25"",""target"":""M101 Project"",""previousPlannedStartIso"":""2026-05-26T05:48:27.830Z"",""reason"":""Replaced by updated tonight sub-session plan.""}"
"2026-05-25T19:16:33.668Z","project.sub_session_unscheduled","Project sub-session unscheduled: M101 Project Session 3 (a9a609e6-0e7c-41e7-a1b0-857ae61105d7::night-3).","{""projectId"":""a9a609e6-0e7c-41e7-a1b0-857ae61105d7"",""nightSubId"":""a9a609e6-0e7c-41e7-a1b0-857ae61105d7::night-3"",""nightIndex"":3,""nightKey"":""2026-05-25"",""target"":""M101 Project"",""previousPlannedStartIso"":""2026-05-26T05:48:27.830Z"",""reason"":""Replaced by updated tonight sub-session plan.""}"
"2026-05-25T19:14:48.505Z","project.sub_session_unscheduled","Project sub-session unscheduled: M101 Project Session 3 (a9a609e6-0e7c-41e7-a1b0-857ae61105d7::night-3).","{""projectId"":""a9a609e6-0e7c-41e7-a1b0-857ae61105d7"",""nightSubId"":""a9a609e6-0e7c-41e7-a1b0-857ae61105d7::night-3"",""nightIndex"":3,""nightKey"":""2026-05-25"",""target"":""M101 Project"",""previousPlannedStartIso"":""2026-05-26T05:48:27.830Z"",""reason"":""Replaced by updated tonight sub-session plan.""}"
"2026-05-25T19:14:37.327Z","project.sub_session_unscheduled","Project sub-session unscheduled: M101 Project Session 3 (a9a609e6-0e7c-41e7-a1b0-857ae61105d7::night-3).","{""projectId"":""a9a609e6-0e7c-41e7-a1b0-857ae61105d7"",""nightSubId"":""a9a609e6-0e7c-41e7-a1b0-857ae61105d7::night-3"",""nightIndex"":3,""nightKey"":""2026-05-25"",""target"":""M101 Project"",""previousPlannedStartIso"":""2026-05-26T05:48:27.830Z"",""reason"":""Replaced by updated tonight sub-session plan.""}"
"2026-05-25T19:12:36.073Z","project.sub_session_unscheduled","Project sub-session unscheduled: M101 Project Session 3 (a9a609e6-0e7c-41e7-a1b0-857ae61105d7::night-3).","{""projectId"":""a9a609e6-0e7c-41e7-a1b0-857ae61105d7"",""nightSubId"":""a9a609e6-0e7c-41e7-a1b0-857ae61105d7::night-3"",""nightIndex"":3,""nightKey"":""2026-05-25"",""target"":""M101 Project"",""previousPlannedStartIso"":""2026-05-26T05:48:27.830Z"",""reason"":""Replaced by updated tonight sub-session plan.""}"
"2026-05-25T19:06:33.240Z","project.sub_session_unscheduled","Project sub-session unscheduled: M101 Project Session 3 (a9a609e6-0e7c-41e7-a1b0-857ae61105d7::night-3).","{""projectId"":""a9a609e6-0e7c-41e7-a1b0-857ae61105d7"",""nightSubId"":""a9a609e6-0e7c-41e7-a1b0-857ae61105d7::night-3"",""nightIndex"":3,""nightKey"":""2026-05-25"",""target"":""M101 Project"",""previousPlannedStartIso"":""2026-05-26T05:48:27.830Z"",""reason"":""Replaced by updated tonight sub-session plan.""}"
"2026-05-25T19:00:29.190Z","project.sub_session_unscheduled","Project sub-session unscheduled: M101 Project Session 3 (a9a609e6-0e7c-41e7-a1b0-857ae61105d7::night-3).","{""projectId"":""a9a609e6-0e7c-41e7-a1b0-857ae61105d7"",""nightSubId"":""a9a609e6-0e7c-41e7-a1b0-857ae61105d7::night-3"",""nightIndex"":3,""nightKey"":""2026-05-25"",""target"":""M101 Project"",""previousPlannedStartIso"":""2026-05-26T05:48:27.830Z"",""reason"":""Replaced by updated tonight sub-session plan.""}"
"2026-05-25T18:54:24.655Z","project.sub_session_unscheduled","Project sub-session unscheduled: M101 Project Session 3 (a9a609e6-0e7c-41e7-a1b0-857ae61105d7::night-3).","{""projectId"":""a9a609e6-0e7c-41e7-a1b0-857ae61105d7"",""nightSubId"":""a9a609e6-0e7c-41e7-a1b0-857ae61105d7::night-3"",""nightIndex"":3,""nightKey"":""2026-05-25"",""target"":""M101 Project"",""previousPlannedStartIso"":""2026-05-26T05:48:27.830Z"",""reason"":""Replaced by updated tonight sub-session plan.""}"
"2026-05-25T18:48:21.137Z","project.sub_session_unscheduled","Project sub-session unscheduled: M101 Project Session 3 (a9a609e6-0e7c-41e7-a1b0-857ae61105d7::night-3).","{""projectId"":""a9a609e6-0e7c-41e7-a1b0-857ae61105d7"",""nightSubId"":""a9a609e6-0e7c-41e7-a1b0-857ae61105d7::night-3"",""nightIndex"":3,""nightKey"":""2026-05-25"",""target"":""M101 Project"",""previousPlannedStartIso"":""2026-05-26T05:48:27.830Z"",""reason"":""Replaced by updated tonight sub-session plan.""}"
"2026-05-25T18:42:16.856Z","project.sub_session_unscheduled","Project sub-session unscheduled: M101 Project Session 3 (a9a609e6-0e7c-41e7-a1b0-857ae61105d7::night-3).","{""projectId"":""a9a609e6-0e7c-41e7-a1b0-857ae61105d7"",""nightSubId"":""a9a609e6-0e7c-41e7-a1b0-857ae61105d7::night-3"",""nightIndex"":3,""nightKey"":""2026-05-25"",""target"":""M101 Project"",""previousPlannedStartIso"":""2026-05-26T05:48:27.830Z"",""reason"":""Replaced by updated tonight sub-session plan.""}"
"2026-05-25T18:42:13.546Z","project.sub_session_unscheduled","Project sub-session unscheduled: M101 Project Session 3 (a9a609e6-0e7c-41e7-a1b0-857ae61105d7::night-3).","{""projectId"":""a9a609e6-0e7c-41e7-a1b0-857ae61105d7"",""nightSubId"":""a9a609e6-0e7c-41e7-a1b0-857ae61105d7::night-3"",""nightIndex"":3,""nightKey"":""2026-05-25"",""target"":""M101 Project"",""previousPlannedStartIso"":""2026-05-26T05:48:27.830Z"",""reason"":""Replaced by updated tonight sub-session plan.""}"
"2026-05-25T18:36:20.407Z","project.sub_session_unscheduled","Project sub-session unscheduled: M101 Project Session 3 (a9a609e6-0e7c-41e7-a1b0-857ae61105d7::night-3).","{""projectId"":""a9a609e6-0e7c-41e7-a1b0-857ae61105d7"",""nightSubId"":""a9a609e6-0e7c-41e7-a1b0-857ae61105d7::night-3"",""nightIndex"":3,""nightKey"":""2026-05-25"",""target"":""M101 Project"",""previousPlannedStartIso"":""2026-05-26T05:48:27.830Z"",""reason"":""Replaced by updated tonight sub-session plan.""}"
"2026-05-25T18:36:13.771Z","project.sub_session_unscheduled","Project sub-session unscheduled: M101 Project Session 3 (a9a609e6-0e7c-41e7-a1b0-857ae61105d7::night-3).","{""projectId"":""a9a609e6-0e7c-41e7-a1b0-857ae61105d7"",""nightSubId"":""a9a609e6-0e7c-41e7-a1b0-857ae61105d7::night-3"",""nightIndex"":3,""nightKey"":""2026-05-25"",""target"":""M101 Project"",""previousPlannedStartIso"":""2026-05-26T05:48:27.830Z"",""reason"":""Replaced by updated tonight sub-session plan.""}"
"2026-05-25T18:36:10.293Z","project.sub_session_unscheduled","Project sub-session unscheduled: M101 Project Session 3 (a9a609e6-0e7c-41e7-a1b0-857ae61105d7::night-3).","{""projectId"":""a9a609e6-0e7c-41e7-a1b0-857ae61105d7"",""nightSubId"":""a9a609e6-0e7c-41e7-a1b0-857ae61105d7::night-3"",""nightIndex"":3,""nightKey"":""2026-05-25"",""target"":""M101 Project"",""previousPlannedStartIso"":""2026-05-26T05:48:27.830Z"",""reason"":""Replaced by updated tonight sub-session plan.""}"
"2026-05-25T18:36:00.165Z","project.sub_session_unscheduled","Project sub-session unscheduled: M101 Project Session 3 (a9a609e6-0e7c-41e7-a1b0-857ae61105d7::night-3).","{""projectId"":""a9a609e6-0e7c-41e7-a1b0-857ae61105d7"",""nightSubId"":""a9a609e6-0e7c-41e7-a1b0-857ae61105d7::night-3"",""nightIndex"":3,""nightKey"":""2026-05-25"",""target"":""M101 Project"",""previousPlannedStartIso"":""2026-05-26T05:48:27.830Z"",""reason"":""Replaced by updated tonight sub-session plan.""}"
"2026-05-25T18:35:50.192Z","project.sub_session_unscheduled","Project sub-session unscheduled: M101 Project Session 3 (a9a609e6-0e7c-41e7-a1b0-857ae61105d7::night-3).","{""projectId"":""a9a609e6-0e7c-41e7-a1b0-857ae61105d7"",""nightSubId"":""a9a609e6-0e7c-41e7-a1b0-857ae61105d7::night-3"",""nightIndex"":3,""nightKey"":""2026-05-25"",""target"":""M101 Project"",""previousPlannedStartIso"":""2026-05-26T05:48:27.830Z"",""reason"":""Replaced by updated tonight sub-session plan.""}"
"2026-05-25T18:35:39.214Z","project.sub_session_unscheduled","Project sub-session unscheduled: M101 Project Session 3 (a9a609e6-0e7c-41e7-a1b0-857ae61105d7::night-3).","{""projectId"":""a9a609e6-0e7c-41e7-a1b0-857ae61105d7"",""nightSubId"":""a9a609e6-0e7c-41e7-a1b0-857ae61105d7::night-3"",""nightIndex"":3,""nightKey"":""2026-05-25"",""target"":""M101 Project"",""previousPlannedStartIso"":""2026-05-26T05:48:27.830Z"",""reason"":""Replaced by updated tonight sub-session plan.""}"
"2026-05-25T18:33:06.818Z","project.sub_session_unscheduled","Project sub-session unscheduled: M101 Project Session 3 (a9a609e6-0e7c-41e7-a1b0-857ae61105d7::night-3).","{""projectId"":""a9a609e6-0e7c-41e7-a1b0-857ae61105d7"",""nightSubId"":""a9a609e6-0e7c-41e7-a1b0-857ae61105d7::night-3"",""nightIndex"":3,""nightKey"":""2026-05-25"",""target"":""M101 Project"",""previousPlannedStartIso"":""2026-05-26T05:48:27.830Z"",""reason"":""Replaced by updated tonight sub-session plan.""}"
"2026-05-25T18:33:06.815Z","project.sub_session_unscheduled","Project sub-session unscheduled: M101 Project Session 1 (a9a609e6-0e7c-41e7-a1b0-857ae61105d7::night-1).","{""projectId"":""a9a609e6-0e7c-41e7-a1b0-857ae61105d7"",""nightSubId"":""a9a609e6-0e7c-41e7-a1b0-857ae61105d7::night-1"",""nightIndex"":1,""nightKey"":""2026-05-25"",""target"":""M101 Project"",""previousPlannedStartIso"":""2026-05-26T01:23:27.830Z"",""reason"":""Replaced by updated tonight sub-session plan.""}"
"2026-05-25T18:32:56.801Z","project.sub_session_unscheduled","Project sub-session unscheduled: M101 Project Session 3 (a9a609e6-0e7c-41e7-a1b0-857ae61105d7::night-3).","{""projectId"":""a9a609e6-0e7c-41e7-a1b0-857ae61105d7"",""nightSubId"":""a9a609e6-0e7c-41e7-a1b0-857ae61105d7::night-3"",""nightIndex"":3,""nightKey"":""2026-05-25"",""target"":""M101 Project"",""previousPlannedStartIso"":""2026-05-26T05:48:27.830Z"",""reason"":""Replaced by updated tonight sub-session plan.""}"
"2026-05-25T18:32:47.885Z","project.sub_session_unscheduled","Project sub-session unscheduled: M101 Project Session 3 (a9a609e6-0e7c-41e7-a1b0-857ae61105d7::night-3).","{""projectId"":""a9a609e6-0e7c-41e7-a1b0-857ae61105d7"",""nightSubId"":""a9a609e6-0e7c-41e7-a1b0-857ae61105d7::night-3"",""nightIndex"":3,""nightKey"":""2026-05-25"",""target"":""M101 Project"",""previousPlannedStartIso"":""2026-05-26T05:48:27.830Z"",""reason"":""Replaced by updated tonight sub-session plan.""}"
"2026-05-25T18:32:35.859Z","project.sub_session_unscheduled","Project sub-session unscheduled: M101 Project Session 3 (a9a609e6-0e7c-41e7-a1b0-857ae61105d7::night-3).","{""projectId"":""a9a609e6-0e7c-41e7-a1b0-857ae61105d7"",""nightSubId"":""a9a609e6-0e7c-41e7-a1b0-857ae61105d7::night-3"",""nightIndex"":3,""nightKey"":""2026-05-25"",""target"":""M101 Project"",""previousPlannedStartIso"":""2026-05-26T05:48:27.830Z"",""reason"":""Replaced by updated tonight sub-session plan.""}"
"2026-05-25T18:32:34.362Z","project.sub_session_scheduled","Project sub-session scheduled: M101 Project Session 3 (a9a609e6-0e7c-41e7-a1b0-857ae61105d7::night-3).","{""projectId"":""a9a609e6-0e7c-41e7-a1b0-857ae61105d7"",""nightSubId"":""a9a609e6-0e7c-41e7-a1b0-857ae61105d7::night-3"",""nightIndex"":3,""nightKey"":""2026-05-25"",""target"":""M101 Project"",""plannedStartIso"":""2026-05-26T05:48:27.830Z"",""plannedEndIso"":""2026-05-26T07:03:27.830Z"",""filterPlansTonight"":[{""filterName"":""H"",""exposureSeconds"":600,""count"":5}],""reasons"":[""Weather-permitted segments overlapping this run: May 26, 2:00 AM – May 26, 3:00 AM ET."",""Frames in this session: H 5×600s (5 exposure(s) total)."",""Start at May 26, 1:48 AM ET: target at 56.3° (≥30° required)."",""Not placed at May 25, 11:18 PM ET: waiting for target altitude, ≥80% weather-permitted coverage, or a long enough free interval."",""Fewer frames than the free window could fit: placement requires ≥80% weather-permitted and 100% target-altitude (≥30°) coverage for the full run (may span multiple clear spells)."",""End at May 26, 3:03 AM ET: 0.83 h exposure + 25 min session overhead (1.25 h block)."",""Coverage checks: weather-permitted 80% (≥80% required), target ≥30° 100% (100% required).""]}"
"2026-05-25T18:30:20.593Z","project.sub_session_unscheduled","Project sub-session unscheduled: M101 Project Session 1 (a9a609e6-0e7c-41e7-a1b0-857ae61105d7::night-1).","{""projectId"":""a9a609e6-0e7c-41e7-a1b0-857ae61105d7"",""nightSubId"":""a9a609e6-0e7c-41e7-a1b0-857ae61105d7::night-1"",""nightIndex"":1,""nightKey"":""2026-05-25"",""target"":""M101 Project"",""previousPlannedStartIso"":""2026-05-26T01:23:27.830Z"",""reason"":""Replaced by updated tonight sub-session plan.""}"
"2026-05-25T18:30:13.318Z","project.sub_session_unscheduled","Project sub-session unscheduled: M101 Project Session 1 (a9a609e6-0e7c-41e7-a1b0-857ae61105d7::night-1).","{""projectId"":""a9a609e6-0e7c-41e7-a1b0-857ae61105d7"",""nightSubId"":""a9a609e6-0e7c-41e7-a1b0-857ae61105d7::night-1"",""nightIndex"":1,""nightKey"":""2026-05-25"",""target"":""M101 Project"",""previousPlannedStartIso"":""2026-05-26T01:23:27.830Z"",""reason"":""Replaced by updated tonight sub-session plan.""}"
"2026-05-25T18:30:10.138Z","project.sub_session_scheduled","Project sub-session scheduled: M101 Project Session 1 (a9a609e6-0e7c-41e7-a1b0-857ae61105d7::night-1).","{""projectId"":""a9a609e6-0e7c-41e7-a1b0-857ae61105d7"",""nightSubId"":""a9a609e6-0e7c-41e7-a1b0-857ae61105d7::night-1"",""nightIndex"":1,""nightKey"":""2026-05-25"",""target"":""M101 Project"",""plannedStartIso"":""2026-05-26T01:23:27.830Z"",""plannedEndIso"":""2026-05-26T03:18:27.830Z"",""filterPlansTonight"":[{""filterName"":""H"",""exposureSeconds"":600,""count"":9}],""reasons"":[""Weather-permitted segments overlapping this run: May 25, 9:23 PM – May 25, 10:00 PM ET; May 25, 10:00 PM – May 25, 11:00 PM ET."",""Frames in this session: H 9×600s (9 exposure(s) total)."",""Start at May 25, 9:23 PM ET: target at 72.7° (≥30° required)."",""Fewer frames than the free window could fit: placement requires ≥80% weather-permitted and 100% target-altitude (≥30°) coverage for the full run (may span multiple clear spells)."",""End at May 25, 11:18 PM ET: 1.50 h exposure + 25 min session overhead (1.92 h block)."",""Coverage checks: weather-permitted 84% (≥80% required), target ≥30° 100% (100% required).""]}"
"2026-05-25T18:30:06.004Z","queue.schedule_decision","Session a9a609e6-0e7c-41e7-a1b0-857ae61105d7 moved from scheduled back to pending schedule state.","{""id"":""a9a609e6-0e7c-41e7-a1b0-857ae61105d7"",""target"":""M101 Project"",""previousStatus"":""scheduled"",""nextStatus"":""unscheduled"",""previousPlannedStartIso"":""2026-05-26T01:23:27.830Z"",""reason"":""Weather forecast unavailable"",""reasons"":[""Weather forecast unavailable""]}"
"2026-05-25T18:30:05.939Z","project.sub_session_unscheduled","Project sub-session unscheduled: M101 Project Session 1 (a9a609e6-0e7c-41e7-a1b0-857ae61105d7::night-1).","{""projectId"":""a9a609e6-0e7c-41e7-a1b0-857ae61105d7"",""nightSubId"":""a9a609e6-0e7c-41e7-a1b0-857ae61105d7::night-1"",""nightIndex"":1,""nightKey"":""2026-05-25"",""target"":""M101 Project"",""previousPlannedStartIso"":""2026-05-26T01:23:27.830Z"",""reason"":""Weather forecast unavailable""}"
"2026-05-25T18:29:55.929Z","project.sub_session_unscheduled","Project sub-session unscheduled: M101 Project Session 1 (a9a609e6-0e7c-41e7-a1b0-857ae61105d7::night-1).","{""projectId"":""a9a609e6-0e7c-41e7-a1b0-857ae61105d7"",""nightSubId"":""a9a609e6-0e7c-41e7-a1b0-857ae61105d7::night-1"",""nightIndex"":1,""nightKey"":""2026-05-25"",""target"":""M101 Project"",""previousPlannedStartIso"":""2026-05-26T01:23:27.830Z"",""reason"":""Replaced by updated tonight sub-session plan.""}"
"2026-05-25T18:29:46.104Z","project.sub_session_unscheduled","Project sub-session unscheduled: M101 Project Session 1 (a9a609e6-0e7c-41e7-a1b0-857ae61105d7::night-1).","{""projectId"":""a9a609e6-0e7c-41e7-a1b0-857ae61105d7"",""nightSubId"":""a9a609e6-0e7c-41e7-a1b0-857ae61105d7::night-1"",""nightIndex"":1,""nightKey"":""2026-05-25"",""target"":""M101 Project"",""previousPlannedStartIso"":""2026-05-26T01:23:27.830Z"",""reason"":""Replaced by updated tonight sub-session plan.""}"
"2026-05-25T18:29:35.914Z","project.sub_session_unscheduled","Project sub-session unscheduled: M101 Project Session 1 (a9a609e6-0e7c-41e7-a1b0-857ae61105d7::night-1).","{""projectId"":""a9a609e6-0e7c-41e7-a1b0-857ae61105d7"",""nightSubId"":""a9a609e6-0e7c-41e7-a1b0-857ae61105d7::night-1"",""nightIndex"":1,""nightKey"":""2026-05-25"",""target"":""M101 Project"",""previousPlannedStartIso"":""2026-05-26T01:23:27.830Z"",""reason"":""Replaced by updated tonight sub-session plan.""}"
"2026-05-25T18:29:25.816Z","project.sub_session_unscheduled","Project sub-session unscheduled: M101 Project Session 1 (a9a609e6-0e7c-41e7-a1b0-857ae61105d7::night-1).","{""projectId"":""a9a609e6-0e7c-41e7-a1b0-857ae61105d7"",""nightSubId"":""a9a609e6-0e7c-41e7-a1b0-857ae61105d7::night-1"",""nightIndex"":1,""nightKey"":""2026-05-25"",""target"":""M101 Project"",""previousPlannedStartIso"":""2026-05-26T01:23:27.830Z"",""reason"":""Replaced by updated tonight sub-session plan.""}"
"2026-05-25T18:29:15.857Z","project.sub_session_unscheduled","Project sub-session unscheduled: M101 Project Session 1 (a9a609e6-0e7c-41e7-a1b0-857ae61105d7::night-1).","{""projectId"":""a9a609e6-0e7c-41e7-a1b0-857ae61105d7"",""nightSubId"":""a9a609e6-0e7c-41e7-a1b0-857ae61105d7::night-1"",""nightIndex"":1,""nightKey"":""2026-05-25"",""target"":""M101 Project"",""previousPlannedStartIso"":""2026-05-26T01:23:27.830Z"",""reason"":""Replaced by updated tonight sub-session plan.""}"
"2026-05-25T18:29:04.924Z","project.sub_session_unscheduled","Project sub-session unscheduled: M101 Project Session 1 (a9a609e6-0e7c-41e7-a1b0-857ae61105d7::night-1).","{""projectId"":""a9a609e6-0e7c-41e7-a1b0-857ae61105d7"",""nightSubId"":""a9a609e6-0e7c-41e7-a1b0-857ae61105d7::night-1"",""nightIndex"":1,""nightKey"":""2026-05-25"",""target"":""M101 Project"",""previousPlannedStartIso"":""2026-05-26T01:23:27.830Z"",""reason"":""Replaced by updated tonight sub-session plan.""}"
"2026-05-25T17:47:44.616Z","project.sub_session_unscheduled","Project sub-session unscheduled: M101 Project Session 1 (a9a609e6-0e7c-41e7-a1b0-857ae61105d7::night-1).","{""projectId"":""a9a609e6-0e7c-41e7-a1b0-857ae61105d7"",""nightSubId"":""a9a609e6-0e7c-41e7-a1b0-857ae61105d7::night-1"",""nightIndex"":1,""nightKey"":""2026-05-25"",""target"":""M101 Project"",""previousPlannedStartIso"":""2026-05-26T01:23:27.830Z"",""reason"":""Replaced by updated tonight sub-session plan.""}"
"2026-05-25T17:47:02.093Z","project.sub_session_unscheduled","Project sub-session unscheduled: M101 Project Session 1 (a9a609e6-0e7c-41e7-a1b0-857ae61105d7::night-1).","{""projectId"":""a9a609e6-0e7c-41e7-a1b0-857ae61105d7"",""nightSubId"":""a9a609e6-0e7c-41e7-a1b0-857ae61105d7::night-1"",""nightIndex"":1,""nightKey"":""2026-05-25"",""target"":""M101 Project"",""previousPlannedStartIso"":""2026-05-26T01:23:27.830Z"",""reason"":""Replaced by updated tonight sub-session plan.""}"
"2026-05-25T17:46:02.122Z","project.sub_session_unscheduled","Project sub-session unscheduled: M101 Project Session 1 (a9a609e6-0e7c-41e7-a1b0-857ae61105d7::night-1).","{""projectId"":""a9a609e6-0e7c-41e7-a1b0-857ae61105d7"",""nightSubId"":""a9a609e6-0e7c-41e7-a1b0-857ae61105d7::night-1"",""nightIndex"":1,""nightKey"":""2026-05-25"",""target"":""M101 Project"",""previousPlannedStartIso"":""2026-05-26T01:23:27.830Z"",""reason"":""Replaced by updated tonight sub-session plan.""}"
"2026-05-25T17:45:02.420Z","project.sub_session_unscheduled","Project sub-session unscheduled: M101 Project Session 1 (a9a609e6-0e7c-41e7-a1b0-857ae61105d7::night-1).","{""projectId"":""a9a609e6-0e7c-41e7-a1b0-857ae61105d7"",""nightSubId"":""a9a609e6-0e7c-41e7-a1b0-857ae61105d7::night-1"",""nightIndex"":1,""nightKey"":""2026-05-25"",""target"":""M101 Project"",""previousPlannedStartIso"":""2026-05-26T01:23:27.830Z"",""reason"":""Replaced by updated tonight sub-session plan.""}"
"2026-05-25T17:44:52.768Z","project.sub_session_unscheduled","Project sub-session unscheduled: M101 Project Session 1 (a9a609e6-0e7c-41e7-a1b0-857ae61105d7::night-1).","{""projectId"":""a9a609e6-0e7c-41e7-a1b0-857ae61105d7"",""nightSubId"":""a9a609e6-0e7c-41e7-a1b0-857ae61105d7::night-1"",""nightIndex"":1,""nightKey"":""2026-05-25"",""target"":""M101 Project"",""previousPlannedStartIso"":""2026-05-26T01:23:27.830Z"",""reason"":""Replaced by updated tonight sub-session plan.""}"
"2026-05-25T17:44:02.018Z","project.sub_session_unscheduled","Project sub-session unscheduled: M101 Project Session 1 (a9a609e6-0e7c-41e7-a1b0-857ae61105d7::night-1).","{""projectId"":""a9a609e6-0e7c-41e7-a1b0-857ae61105d7"",""nightSubId"":""a9a609e6-0e7c-41e7-a1b0-857ae61105d7::night-1"",""nightIndex"":1,""nightKey"":""2026-05-25"",""target"":""M101 Project"",""previousPlannedStartIso"":""2026-05-26T01:23:27.830Z"",""reason"":""Replaced by updated tonight sub-session plan.""}"
"2026-05-25T17:43:02.171Z","project.sub_session_unscheduled","Project sub-session unscheduled: M101 Project Session 1 (a9a609e6-0e7c-41e7-a1b0-857ae61105d7::night-1).","{""projectId"":""a9a609e6-0e7c-41e7-a1b0-857ae61105d7"",""nightSubId"":""a9a609e6-0e7c-41e7-a1b0-857ae61105d7::night-1"",""nightIndex"":1,""nightKey"":""2026-05-25"",""target"":""M101 Project"",""previousPlannedStartIso"":""2026-05-26T01:23:27.830Z"",""reason"":""Replaced by updated tonight sub-session plan.""}"
"2026-05-25T17:42:02.352Z","project.sub_session_unscheduled","Project sub-session unscheduled: M101 Project Session 1 (a9a609e6-0e7c-41e7-a1b0-857ae61105d7::night-1).","{""projectId"":""a9a609e6-0e7c-41e7-a1b0-857ae61105d7"",""nightSubId"":""a9a609e6-0e7c-41e7-a1b0-857ae61105d7::night-1"",""nightIndex"":1,""nightKey"":""2026-05-25"",""target"":""M101 Project"",""previousPlannedStartIso"":""2026-05-26T01:23:27.830Z"",""reason"":""Replaced by updated tonight sub-session plan.""}"
"2026-05-25T17:41:42.116Z","project.sub_session_unscheduled","Project sub-session unscheduled: M101 Project Session 1 (a9a609e6-0e7c-41e7-a1b0-857ae61105d7::night-1).","{""projectId"":""a9a609e6-0e7c-41e7-a1b0-857ae61105d7"",""nightSubId"":""a9a609e6-0e7c-41e7-a1b0-857ae61105d7::night-1"",""nightIndex"":1,""nightKey"":""2026-05-25"",""target"":""M101 Project"",""previousPlannedStartIso"":""2026-05-26T01:23:27.830Z"",""reason"":""Replaced by updated tonight sub-session plan.""}"
"2026-05-25T17:41:12.808Z","project.sub_session_unscheduled","Project sub-session unscheduled: M101 Project Session 1 (a9a609e6-0e7c-41e7-a1b0-857ae61105d7::night-1).","{""projectId"":""a9a609e6-0e7c-41e7-a1b0-857ae61105d7"",""nightSubId"":""a9a609e6-0e7c-41e7-a1b0-857ae61105d7::night-1"",""nightIndex"":1,""nightKey"":""2026-05-25"",""target"":""M101 Project"",""previousPlannedStartIso"":""2026-05-26T01:23:27.830Z"",""reason"":""Replaced by updated tonight sub-session plan.""}"
"2026-05-25T17:41:02.061Z","project.sub_session_unscheduled","Project sub-session unscheduled: M101 Project Session 1 (a9a609e6-0e7c-41e7-a1b0-857ae61105d7::night-1).","{""projectId"":""a9a609e6-0e7c-41e7-a1b0-857ae61105d7"",""nightSubId"":""a9a609e6-0e7c-41e7-a1b0-857ae61105d7::night-1"",""nightIndex"":1,""nightKey"":""2026-05-25"",""target"":""M101 Project"",""previousPlannedStartIso"":""2026-05-26T01:23:27.830Z"",""reason"":""Replaced by updated tonight sub-session plan.""}"
"2026-05-25T17:40:05.232Z","project.sub_session_unscheduled","Project sub-session unscheduled: M101 Project Session 1 (a9a609e6-0e7c-41e7-a1b0-857ae61105d7::night-1).","{""projectId"":""a9a609e6-0e7c-41e7-a1b0-857ae61105d7"",""nightSubId"":""a9a609e6-0e7c-41e7-a1b0-857ae61105d7::night-1"",""nightIndex"":1,""nightKey"":""2026-05-25"",""target"":""M101 Project"",""previousPlannedStartIso"":""2026-05-26T01:23:27.830Z"",""reason"":""Replaced by updated tonight sub-session plan.""}"
"2026-05-25T17:39:02.047Z","project.sub_session_unscheduled","Project sub-session unscheduled: M101 Project Session 1 (a9a609e6-0e7c-41e7-a1b0-857ae61105d7::night-1).","{""projectId"":""a9a609e6-0e7c-41e7-a1b0-857ae61105d7"",""nightSubId"":""a9a609e6-0e7c-41e7-a1b0-857ae61105d7::night-1"",""nightIndex"":1,""nightKey"":""2026-05-25"",""target"":""M101 Project"",""previousPlannedStartIso"":""2026-05-26T01:23:27.830Z"",""reason"":""Replaced by updated tonight sub-session plan.""}"
"2026-05-25T17:38:02.219Z","project.sub_session_unscheduled","Project sub-session unscheduled: M101 Project Session 1 (a9a609e6-0e7c-41e7-a1b0-857ae61105d7::night-1).","{""projectId"":""a9a609e6-0e7c-41e7-a1b0-857ae61105d7"",""nightSubId"":""a9a609e6-0e7c-41e7-a1b0-857ae61105d7::night-1"",""nightIndex"":1,""nightKey"":""2026-05-25"",""target"":""M101 Project"",""previousPlannedStartIso"":""2026-05-26T01:23:27.830Z"",""reason"":""Replaced by updated tonight sub-session plan.""}"
"2026-05-25T17:37:32.791Z","project.sub_session_unscheduled","Project sub-session unscheduled: M101 Project Session 1 (a9a609e6-0e7c-41e7-a1b0-857ae61105d7::night-1).","{""projectId"":""a9a609e6-0e7c-41e7-a1b0-857ae61105d7"",""nightSubId"":""a9a609e6-0e7c-41e7-a1b0-857ae61105d7::night-1"",""nightIndex"":1,""nightKey"":""2026-05-25"",""target"":""M101 Project"",""previousPlannedStartIso"":""2026-05-26T01:23:27.830Z"",""reason"":""Replaced by updated tonight sub-session plan.""}"
"2026-05-25T17:37:02.059Z","project.sub_session_unscheduled","Project sub-session unscheduled: M101 Project Session 1 (a9a609e6-0e7c-41e7-a1b0-857ae61105d7::night-1).","{""projectId"":""a9a609e6-0e7c-41e7-a1b0-857ae61105d7"",""nightSubId"":""a9a609e6-0e7c-41e7-a1b0-857ae61105d7::night-1"",""nightIndex"":1,""nightKey"":""2026-05-25"",""target"":""M101 Project"",""previousPlannedStartIso"":""2026-05-26T01:23:27.830Z"",""reason"":""Replaced by updated tonight sub-session plan.""}"
"2026-05-25T17:36:02.213Z","project.sub_session_unscheduled","Project sub-session unscheduled: M101 Project Session 1 (a9a609e6-0e7c-41e7-a1b0-857ae61105d7::night-1).","{""projectId"":""a9a609e6-0e7c-41e7-a1b0-857ae61105d7"",""nightSubId"":""a9a609e6-0e7c-41e7-a1b0-857ae61105d7::night-1"",""nightIndex"":1,""nightKey"":""2026-05-25"",""target"":""M101 Project"",""previousPlannedStartIso"":""2026-05-26T01:23:27.830Z"",""reason"":""Replaced by updated tonight sub-session plan.""}"
"2026-05-25T17:35:39.572Z","project.sub_session_unscheduled","Project sub-session unscheduled: M101 Project Session 1 (a9a609e6-0e7c-41e7-a1b0-857ae61105d7::night-1).","{""projectId"":""a9a609e6-0e7c-41e7-a1b0-857ae61105d7"",""nightSubId"":""a9a609e6-0e7c-41e7-a1b0-857ae61105d7::night-1"",""nightIndex"":1,""nightKey"":""2026-05-25"",""target"":""M101 Project"",""previousPlannedStartIso"":""2026-05-26T01:23:27.830Z"",""reason"":""Replaced by updated tonight sub-session plan.""}"
"2026-05-25T17:35:02.089Z","project.sub_session_unscheduled","Project sub-session unscheduled: M101 Project Session 1 (a9a609e6-0e7c-41e7-a1b0-857ae61105d7::night-1).","{""projectId"":""a9a609e6-0e7c-41e7-a1b0-857ae61105d7"",""nightSubId"":""a9a609e6-0e7c-41e7-a1b0-857ae61105d7::night-1"",""nightIndex"":1,""nightKey"":""2026-05-25"",""target"":""M101 Project"",""previousPlannedStartIso"":""2026-05-26T01:23:27.830Z"",""reason"":""Replaced by updated tonight sub-session plan.""}"
"2026-05-25T17:34:02.457Z","project.sub_session_unscheduled","Project sub-session unscheduled: M101 Project Session 1 (a9a609e6-0e7c-41e7-a1b0-857ae61105d7::night-1).","{""projectId"":""a9a609e6-0e7c-41e7-a1b0-857ae61105d7"",""nightSubId"":""a9a609e6-0e7c-41e7-a1b0-857ae61105d7::night-1"",""nightIndex"":1,""nightKey"":""2026-05-25"",""target"":""M101 Project"",""previousPlannedStartIso"":""2026-05-26T01:23:27.830Z"",""reason"":""Replaced by updated tonight sub-session plan.""}"
"2026-05-25T17:33:52.855Z","project.sub_session_unscheduled","Project sub-session unscheduled: M101 Project Session 1 (a9a609e6-0e7c-41e7-a1b0-857ae61105d7::night-1).","{""projectId"":""a9a609e6-0e7c-41e7-a1b0-857ae61105d7"",""nightSubId"":""a9a609e6-0e7c-41e7-a1b0-857ae61105d7::night-1"",""nightIndex"":1,""nightKey"":""2026-05-25"",""target"":""M101 Project"",""previousPlannedStartIso"":""2026-05-26T01:23:27.830Z"",""reason"":""Replaced by updated tonight sub-session plan.""}"
"2026-05-25T17:33:02.292Z","project.sub_session_unscheduled","Project sub-session unscheduled: M101 Project Session 1 (a9a609e6-0e7c-41e7-a1b0-857ae61105d7::night-1).","{""projectId"":""a9a609e6-0e7c-41e7-a1b0-857ae61105d7"",""nightSubId"":""a9a609e6-0e7c-41e7-a1b0-857ae61105d7::night-1"",""nightIndex"":1,""nightKey"":""2026-05-25"",""target"":""M101 Project"",""previousPlannedStartIso"":""2026-05-26T01:23:27.830Z"",""reason"":""Replaced by updated tonight sub-session plan.""}"
"2026-05-25T17:32:30.407Z","project.sub_session_unscheduled","Project sub-session unscheduled: M101 Project Session 1 (a9a609e6-0e7c-41e7-a1b0-857ae61105d7::night-1).","{""projectId"":""a9a609e6-0e7c-41e7-a1b0-857ae61105d7"",""nightSubId"":""a9a609e6-0e7c-41e7-a1b0-857ae61105d7::night-1"",""nightIndex"":1,""nightKey"":""2026-05-25"",""target"":""M101 Project"",""previousPlannedStartIso"":""2026-05-26T01:23:27.830Z"",""reason"":""Replaced by updated tonight sub-session plan.""}"
"2026-05-25T17:32:02.119Z","project.sub_session_unscheduled","Project sub-session unscheduled: M101 Project Session 1 (a9a609e6-0e7c-41e7-a1b0-857ae61105d7::night-1).","{""projectId"":""a9a609e6-0e7c-41e7-a1b0-857ae61105d7"",""nightSubId"":""a9a609e6-0e7c-41e7-a1b0-857ae61105d7::night-1"",""nightIndex"":1,""nightKey"":""2026-05-25"",""target"":""M101 Project"",""previousPlannedStartIso"":""2026-05-26T01:23:27.830Z"",""reason"":""Replaced by updated tonight sub-session plan.""}"
"2026-05-25T17:31:02.085Z","project.sub_session_scheduled","Project sub-session scheduled: M101 Project Session 1 (a9a609e6-0e7c-41e7-a1b0-857ae61105d7::night-1).","{""projectId"":""a9a609e6-0e7c-41e7-a1b0-857ae61105d7"",""nightSubId"":""a9a609e6-0e7c-41e7-a1b0-857ae61105d7::night-1"",""nightIndex"":1,""nightKey"":""2026-05-25"",""target"":""M101 Project"",""plannedStartIso"":""2026-05-26T01:23:27.830Z"",""plannedEndIso"":""2026-05-26T03:18:27.830Z"",""filterPlansTonight"":[{""filterName"":""H"",""exposureSeconds"":600,""count"":9}],""reasons"":[""Weather-permitted segments overlapping this run: May 25, 9:23 PM – May 25, 10:00 PM ET; May 25, 10:00 PM – May 25, 11:00 PM ET."",""Frames in this session: H 9×600s (9 exposure(s) total)."",""Start at May 25, 9:23 PM ET: target at 72.7° (≥30° required)."",""Fewer frames than the free window could fit: placement requires ≥80% weather-permitted and 100% target-altitude (≥30°) coverage for the full run (may span multiple clear spells)."",""End at May 25, 11:18 PM ET: 1.50 h exposure + 25 min session overhead (1.92 h block)."",""Coverage checks: weather-permitted 84% (≥80% required), target ≥30° 100% (100% required).""]}"
"2026-05-25T17:30:15.097Z","project.sub_session_unscheduled","Project sub-session unscheduled: M101 Project Session 1 (a9a609e6-0e7c-41e7-a1b0-857ae61105d7::night-1).","{""projectId"":""a9a609e6-0e7c-41e7-a1b0-857ae61105d7"",""nightSubId"":""a9a609e6-0e7c-41e7-a1b0-857ae61105d7::night-1"",""nightIndex"":1,""nightKey"":""2026-05-25"",""target"":""M101 Project"",""previousPlannedStartIso"":""2026-05-26T01:23:27.830Z"",""reason"":""Replaced by updated tonight sub-session plan.""}"
"2026-05-25T17:30:10.884Z","project.sub_session_unscheduled","Project sub-session unscheduled: M101 Project Session 1 (a9a609e6-0e7c-41e7-a1b0-857ae61105d7::night-1).","{""projectId"":""a9a609e6-0e7c-41e7-a1b0-857ae61105d7"",""nightSubId"":""a9a609e6-0e7c-41e7-a1b0-857ae61105d7::night-1"",""nightIndex"":1,""nightKey"":""2026-05-25"",""target"":""M101 Project"",""previousPlannedStartIso"":""2026-05-26T01:23:27.830Z"",""reason"":""Replaced by updated tonight sub-session plan.""}"
"2026-05-25T17:29:36.993Z","project.sub_session_unscheduled","Project sub-session unscheduled: M101 Project Session 1 (a9a609e6-0e7c-41e7-a1b0-857ae61105d7::night-1).","{""projectId"":""a9a609e6-0e7c-41e7-a1b0-857ae61105d7"",""nightSubId"":""a9a609e6-0e7c-41e7-a1b0-857ae61105d7::night-1"",""nightIndex"":1,""nightKey"":""2026-05-25"",""target"":""M101 Project"",""previousPlannedStartIso"":""2026-05-26T01:23:27.830Z"",""reason"":""Replaced by updated tonight sub-session plan.""}"
"2026-05-25T17:29:02.238Z","project.sub_session_unscheduled","Project sub-session unscheduled: M101 Project Session 1 (a9a609e6-0e7c-41e7-a1b0-857ae61105d7::night-1).","{""projectId"":""a9a609e6-0e7c-41e7-a1b0-857ae61105d7"",""nightSubId"":""a9a609e6-0e7c-41e7-a1b0-857ae61105d7::night-1"",""nightIndex"":1,""nightKey"":""2026-05-25"",""target"":""M101 Project"",""previousPlannedStartIso"":""2026-05-26T01:23:27.830Z"",""reason"":""Replaced by updated tonight sub-session plan.""}"
"2026-05-25T17:28:02.167Z","project.sub_session_unscheduled","Project sub-session unscheduled: M101 Project Session 1 (a9a609e6-0e7c-41e7-a1b0-857ae61105d7::night-1).","{""projectId"":""a9a609e6-0e7c-41e7-a1b0-857ae61105d7"",""nightSubId"":""a9a609e6-0e7c-41e7-a1b0-857ae61105d7::night-1"",""nightIndex"":1,""nightKey"":""2026-05-25"",""target"":""M101 Project"",""previousPlannedStartIso"":""2026-05-26T01:23:27.830Z"",""reason"":""Replaced by updated tonight sub-session plan.""}"
"2026-05-25T17:27:02.071Z","project.sub_session_unscheduled","Project sub-session unscheduled: M101 Project Session 1 (a9a609e6-0e7c-41e7-a1b0-857ae61105d7::night-1).","{""projectId"":""a9a609e6-0e7c-41e7-a1b0-857ae61105d7"",""nightSubId"":""a9a609e6-0e7c-41e7-a1b0-857ae61105d7::night-1"",""nightIndex"":1,""nightKey"":""2026-05-25"",""target"":""M101 Project"",""previousPlannedStartIso"":""2026-05-26T01:23:27.830Z"",""reason"":""Replaced by updated tonight sub-session plan.""}"
"2026-05-25T17:26:32.737Z","project.sub_session_unscheduled","Project sub-session unscheduled: M101 Project Session 1 (a9a609e6-0e7c-41e7-a1b0-857ae61105d7::night-1).","{""projectId"":""a9a609e6-0e7c-41e7-a1b0-857ae61105d7"",""nightSubId"":""a9a609e6-0e7c-41e7-a1b0-857ae61105d7::night-1"",""nightIndex"":1,""nightKey"":""2026-05-25"",""target"":""M101 Project"",""previousPlannedStartIso"":""2026-05-26T01:23:27.830Z"",""reason"":""Replaced by updated tonight sub-session plan.""}"
"2026-05-25T17:26:26.952Z","project.sub_session_unscheduled","Project sub-session unscheduled: M101 Project Session 1 (a9a609e6-0e7c-41e7-a1b0-857ae61105d7::night-1).","{""projectId"":""a9a609e6-0e7c-41e7-a1b0-857ae61105d7"",""nightSubId"":""a9a609e6-0e7c-41e7-a1b0-857ae61105d7::night-1"",""nightIndex"":1,""nightKey"":""2026-05-25"",""target"":""M101 Project"",""previousPlannedStartIso"":""2026-05-26T01:23:27.830Z"",""reason"":""Replaced by updated tonight sub-session plan.""}"
"2026-05-25T17:26:16.957Z","project.sub_session_unscheduled","Project sub-session unscheduled: M101 Project Session 1 (a9a609e6-0e7c-41e7-a1b0-857ae61105d7::night-1).","{""projectId"":""a9a609e6-0e7c-41e7-a1b0-857ae61105d7"",""nightSubId"":""a9a609e6-0e7c-41e7-a1b0-857ae61105d7::night-1"",""nightIndex"":1,""nightKey"":""2026-05-25"",""target"":""M101 Project"",""previousPlannedStartIso"":""2026-05-26T01:23:27.830Z"",""reason"":""Replaced by updated tonight sub-session plan.""}"
"2026-05-25T17:26:06.994Z","project.sub_session_unscheduled","Project sub-session unscheduled: M101 Project Session 1 (a9a609e6-0e7c-41e7-a1b0-857ae61105d7::night-1).","{""projectId"":""a9a609e6-0e7c-41e7-a1b0-857ae61105d7"",""nightSubId"":""a9a609e6-0e7c-41e7-a1b0-857ae61105d7::night-1"",""nightIndex"":1,""nightKey"":""2026-05-25"",""target"":""M101 Project"",""previousPlannedStartIso"":""2026-05-26T01:23:27.830Z"",""reason"":""Replaced by updated tonight sub-session plan.""}"
"2026-05-25T17:25:57.046Z","project.sub_session_unscheduled","Project sub-session unscheduled: M101 Project Session 1 (a9a609e6-0e7c-41e7-a1b0-857ae61105d7::night-1).","{""projectId"":""a9a609e6-0e7c-41e7-a1b0-857ae61105d7"",""nightSubId"":""a9a609e6-0e7c-41e7-a1b0-857ae61105d7::night-1"",""nightIndex"":1,""nightKey"":""2026-05-25"",""target"":""M101 Project"",""previousPlannedStartIso"":""2026-05-26T01:23:27.830Z"",""reason"":""Replaced by updated tonight sub-session plan.""}"
"2026-05-25T17:25:46.968Z","project.sub_session_unscheduled","Project sub-session unscheduled: M101 Project Session 1 (a9a609e6-0e7c-41e7-a1b0-857ae61105d7::night-1).","{""projectId"":""a9a609e6-0e7c-41e7-a1b0-857ae61105d7"",""nightSubId"":""a9a609e6-0e7c-41e7-a1b0-857ae61105d7::night-1"",""nightIndex"":1,""nightKey"":""2026-05-25"",""target"":""M101 Project"",""previousPlannedStartIso"":""2026-05-26T01:23:27.830Z"",""reason"":""Replaced by updated tonight sub-session plan.""}"
"2026-05-25T17:25:37.007Z","project.sub_session_unscheduled","Project sub-session unscheduled: M101 Project Session 1 (a9a609e6-0e7c-41e7-a1b0-857ae61105d7::night-1).","{""projectId"":""a9a609e6-0e7c-41e7-a1b0-857ae61105d7"",""nightSubId"":""a9a609e6-0e7c-41e7-a1b0-857ae61105d7::night-1"",""nightIndex"":1,""nightKey"":""2026-05-25"",""target"":""M101 Project"",""previousPlannedStartIso"":""2026-05-26T01:23:27.830Z"",""reason"":""Replaced by updated tonight sub-session plan.""}"
"2026-05-25T17:25:25.177Z","project.sub_session_unscheduled","Project sub-session unscheduled: M101 Project Session 1 (a9a609e6-0e7c-41e7-a1b0-857ae61105d7::night-1).","{""projectId"":""a9a609e6-0e7c-41e7-a1b0-857ae61105d7"",""nightSubId"":""a9a609e6-0e7c-41e7-a1b0-857ae61105d7::night-1"",""nightIndex"":1,""nightKey"":""2026-05-25"",""target"":""M101 Project"",""previousPlannedStartIso"":""2026-05-26T01:23:27.830Z"",""reason"":""Replaced by updated tonight sub-session plan.""}"
"2026-05-25T17:23:34.530Z","project.sub_session_unscheduled","Project sub-session unscheduled: M101 Project Session 1 (a9a609e6-0e7c-41e7-a1b0-857ae61105d7::night-1).","{""projectId"":""a9a609e6-0e7c-41e7-a1b0-857ae61105d7"",""nightSubId"":""a9a609e6-0e7c-41e7-a1b0-857ae61105d7::night-1"",""nightIndex"":1,""nightKey"":""2026-05-25"",""target"":""M101 Project"",""previousPlannedStartIso"":""2026-05-26T01:23:27.830Z"",""reason"":""Replaced by updated tonight sub-session plan.""}"
"2026-05-25T17:22:52.740Z","project.sub_session_unscheduled","Project sub-session unscheduled: M101 Project Session 1 (a9a609e6-0e7c-41e7-a1b0-857ae61105d7::night-1).","{""projectId"":""a9a609e6-0e7c-41e7-a1b0-857ae61105d7"",""nightSubId"":""a9a609e6-0e7c-41e7-a1b0-857ae61105d7::night-1"",""nightIndex"":1,""nightKey"":""2026-05-25"",""target"":""M101 Project"",""previousPlannedStartIso"":""2026-05-26T01:23:27.830Z"",""reason"":""Replaced by updated tonight sub-session plan.""}"
"2026-05-25T17:19:12.995Z","project.sub_session_unscheduled","Project sub-session unscheduled: M101 Project Session 1 (a9a609e6-0e7c-41e7-a1b0-857ae61105d7::night-1).","{""projectId"":""a9a609e6-0e7c-41e7-a1b0-857ae61105d7"",""nightSubId"":""a9a609e6-0e7c-41e7-a1b0-857ae61105d7::night-1"",""nightIndex"":1,""nightKey"":""2026-05-25"",""target"":""M101 Project"",""previousPlannedStartIso"":""2026-05-26T01:23:27.830Z"",""reason"":""Replaced by updated tonight sub-session plan.""}"
"2026-05-25T17:17:31.899Z","project.sub_session_unscheduled","Project sub-session unscheduled: M101 Project Session 1 (a9a609e6-0e7c-41e7-a1b0-857ae61105d7::night-1).","{""projectId"":""a9a609e6-0e7c-41e7-a1b0-857ae61105d7"",""nightSubId"":""a9a609e6-0e7c-41e7-a1b0-857ae61105d7::night-1"",""nightIndex"":1,""nightKey"":""2026-05-25"",""target"":""M101 Project"",""previousPlannedStartIso"":""2026-05-26T01:23:27.830Z"",""reason"":""Replaced by updated tonight sub-session plan.""}"
"2026-05-25T17:16:35.652Z","project.sub_session_unscheduled","Project sub-session unscheduled: M101 Project Session 1 (a9a609e6-0e7c-41e7-a1b0-857ae61105d7::night-1).","{""projectId"":""a9a609e6-0e7c-41e7-a1b0-857ae61105d7"",""nightSubId"":""a9a609e6-0e7c-41e7-a1b0-857ae61105d7::night-1"",""nightIndex"":1,""nightKey"":""2026-05-25"",""target"":""M101 Project"",""previousPlannedStartIso"":""2026-05-26T01:23:27.830Z"",""reason"":""Replaced by updated tonight sub-session plan.""}"
"2026-05-25T17:11:29.300Z","project.sub_session_unscheduled","Project sub-session unscheduled: M101 Project Session 1 (a9a609e6-0e7c-41e7-a1b0-857ae61105d7::night-1).","{""projectId"":""a9a609e6-0e7c-41e7-a1b0-857ae61105d7"",""nightSubId"":""a9a609e6-0e7c-41e7-a1b0-857ae61105d7::night-1"",""nightIndex"":1,""nightKey"":""2026-05-25"",""target"":""M101 Project"",""previousPlannedStartIso"":""2026-05-26T01:23:27.830Z"",""reason"":""Replaced by updated tonight sub-session plan.""}"
"2026-05-25T17:05:26.527Z","project.sub_session_unscheduled","Project sub-session unscheduled: M101 Project Session 1 (a9a609e6-0e7c-41e7-a1b0-857ae61105d7::night-1).","{""projectId"":""a9a609e6-0e7c-41e7-a1b0-857ae61105d7"",""nightSubId"":""a9a609e6-0e7c-41e7-a1b0-857ae61105d7::night-1"",""nightIndex"":1,""nightKey"":""2026-05-25"",""target"":""M101 Project"",""previousPlannedStartIso"":""2026-05-26T01:23:27.830Z"",""reason"":""Replaced by updated tonight sub-session plan.""}"
"2026-05-25T17:01:30.784Z","project.sub_session_unscheduled","Project sub-session unscheduled: M101 Project Session 1 (a9a609e6-0e7c-41e7-a1b0-857ae61105d7::night-1).","{""projectId"":""a9a609e6-0e7c-41e7-a1b0-857ae61105d7"",""nightSubId"":""a9a609e6-0e7c-41e7-a1b0-857ae61105d7::night-1"",""nightIndex"":1,""nightKey"":""2026-05-25"",""target"":""M101 Project"",""previousPlannedStartIso"":""2026-05-26T01:23:27.830Z"",""reason"":""Replaced by updated tonight sub-session plan.""}"
"2026-05-25T16:59:23.771Z","project.sub_session_unscheduled","Project sub-session unscheduled: M101 Project Session 1 (a9a609e6-0e7c-41e7-a1b0-857ae61105d7::night-1).","{""projectId"":""a9a609e6-0e7c-41e7-a1b0-857ae61105d7"",""nightSubId"":""a9a609e6-0e7c-41e7-a1b0-857ae61105d7::night-1"",""nightIndex"":1,""nightKey"":""2026-05-25"",""target"":""M101 Project"",""previousPlannedStartIso"":""2026-05-26T01:23:27.830Z"",""reason"":""Replaced by updated tonight sub-session plan.""}"
"2026-05-25T16:58:11.036Z","project.sub_session_unscheduled","Project sub-session unscheduled: M101 Project Session 1 (a9a609e6-0e7c-41e7-a1b0-857ae61105d7::night-1).","{""projectId"":""a9a609e6-0e7c-41e7-a1b0-857ae61105d7"",""nightSubId"":""a9a609e6-0e7c-41e7-a1b0-857ae61105d7::night-1"",""nightIndex"":1,""nightKey"":""2026-05-25"",""target"":""M101 Project"",""previousPlannedStartIso"":""2026-05-26T01:23:27.830Z"",""reason"":""Replaced by updated tonight sub-session plan.""}"
"2026-05-25T16:54:50.655Z","project.sub_session_unscheduled","Project sub-session unscheduled: M101 Project Session 1 (a9a609e6-0e7c-41e7-a1b0-857ae61105d7::night-1).","{""projectId"":""a9a609e6-0e7c-41e7-a1b0-857ae61105d7"",""nightSubId"":""a9a609e6-0e7c-41e7-a1b0-857ae61105d7::night-1"",""nightIndex"":1,""nightKey"":""2026-05-25"",""target"":""M101 Project"",""previousPlannedStartIso"":""2026-05-26T01:23:27.830Z"",""reason"":""Replaced by updated tonight sub-session plan.""}"
"2026-05-25T16:53:21.221Z","project.sub_session_unscheduled","Project sub-session unscheduled: M101 Project Session 1 (a9a609e6-0e7c-41e7-a1b0-857ae61105d7::night-1).","{""projectId"":""a9a609e6-0e7c-41e7-a1b0-857ae61105d7"",""nightSubId"":""a9a609e6-0e7c-41e7-a1b0-857ae61105d7::night-1"",""nightIndex"":1,""nightKey"":""2026-05-25"",""target"":""M101 Project"",""previousPlannedStartIso"":""2026-05-26T01:23:27.830Z"",""reason"":""Replaced by updated tonight sub-session plan.""}"
"2026-05-25T16:51:30.654Z","project.sub_session_unscheduled","Project sub-session unscheduled: M101 Project Session 1 (a9a609e6-0e7c-41e7-a1b0-857ae61105d7::night-1).","{""projectId"":""a9a609e6-0e7c-41e7-a1b0-857ae61105d7"",""nightSubId"":""a9a609e6-0e7c-41e7-a1b0-857ae61105d7::night-1"",""nightIndex"":1,""nightKey"":""2026-05-25"",""target"":""M101 Project"",""previousPlannedStartIso"":""2026-05-26T01:23:27.830Z"",""reason"":""Replaced by updated tonight sub-session plan.""}"
"2026-05-25T16:48:10.803Z","project.sub_session_unscheduled","Project sub-session unscheduled: M101 Project Session 1 (a9a609e6-0e7c-41e7-a1b0-857ae61105d7::night-1).","{""projectId"":""a9a609e6-0e7c-41e7-a1b0-857ae61105d7"",""nightSubId"":""a9a609e6-0e7c-41e7-a1b0-857ae61105d7::night-1"",""nightIndex"":1,""nightKey"":""2026-05-25"",""target"":""M101 Project"",""previousPlannedStartIso"":""2026-05-26T01:23:27.830Z"",""reason"":""Replaced by updated tonight sub-session plan.""}"
"2026-05-25T16:47:17.099Z","project.sub_session_unscheduled","Project sub-session unscheduled: M101 Project Session 1 (a9a609e6-0e7c-41e7-a1b0-857ae61105d7::night-1).","{""projectId"":""a9a609e6-0e7c-41e7-a1b0-857ae61105d7"",""nightSubId"":""a9a609e6-0e7c-41e7-a1b0-857ae61105d7::night-1"",""nightIndex"":1,""nightKey"":""2026-05-25"",""target"":""M101 Project"",""previousPlannedStartIso"":""2026-05-26T01:23:27.830Z"",""reason"":""Replaced by updated tonight sub-session plan.""}"
"2026-05-25T16:42:31.879Z","project.sub_session_unscheduled","Project sub-session unscheduled: M101 Project Session 1 (a9a609e6-0e7c-41e7-a1b0-857ae61105d7::night-1).","{""projectId"":""a9a609e6-0e7c-41e7-a1b0-857ae61105d7"",""nightSubId"":""a9a609e6-0e7c-41e7-a1b0-857ae61105d7::night-1"",""nightIndex"":1,""nightKey"":""2026-05-25"",""target"":""M101 Project"",""previousPlannedStartIso"":""2026-05-26T01:23:27.830Z"",""reason"":""Replaced by updated tonight sub-session plan.""}"
"2026-05-25T16:41:14.333Z","project.sub_session_unscheduled","Project sub-session unscheduled: M101 Project Session 1 (a9a609e6-0e7c-41e7-a1b0-857ae61105d7::night-1).","{""projectId"":""a9a609e6-0e7c-41e7-a1b0-857ae61105d7"",""nightSubId"":""a9a609e6-0e7c-41e7-a1b0-857ae61105d7::night-1"",""nightIndex"":1,""nightKey"":""2026-05-25"",""target"":""M101 Project"",""previousPlannedStartIso"":""2026-05-26T01:23:27.830Z"",""reason"":""Replaced by updated tonight sub-session plan.""}"
"2026-05-25T16:39:11.567Z","project.sub_session_unscheduled","Project sub-session unscheduled: M101 Project Session 1 (a9a609e6-0e7c-41e7-a1b0-857ae61105d7::night-1).","{""projectId"":""a9a609e6-0e7c-41e7-a1b0-857ae61105d7"",""nightSubId"":""a9a609e6-0e7c-41e7-a1b0-857ae61105d7::night-1"",""nightIndex"":1,""nightKey"":""2026-05-25"",""target"":""M101 Project"",""previousPlannedStartIso"":""2026-05-26T01:23:27.830Z"",""reason"":""Replaced by updated tonight sub-session plan.""}"
"2026-05-25T16:38:26.133Z","project.sub_session_unscheduled","Project sub-session unscheduled: M101 Project Session 1 (a9a609e6-0e7c-41e7-a1b0-857ae61105d7::night-1).","{""projectId"":""a9a609e6-0e7c-41e7-a1b0-857ae61105d7"",""nightSubId"":""a9a609e6-0e7c-41e7-a1b0-857ae61105d7::night-1"",""nightIndex"":1,""nightKey"":""2026-05-25"",""target"":""M101 Project"",""previousPlannedStartIso"":""2026-05-26T01:23:27.830Z"",""reason"":""Replaced by updated tonight sub-session plan.""}"